ref_date,BA,NOC,SO,WY
2018-01-02,282.886383,281.694733,37.870777,28.941029
2018-01-03,283.801239,282.996002,37.654018,29.195183
2018-01-04,282.724426,284.749451,37.493439,28.957413
2018-01-05,294.322357,284.444885,37.557667,28.916426
2018-01-08,295.570709,284.481812,37.894871,29.104996
2018-01-09,303.461517,286.44754,37.421181,28.90822
2018-01-10,305.205505,283.881927,36.899326,28.555693
2018-01-11,312.696045,285.672241,36.329292,28.686863
2018-01-12,320.405731,290.840271,36.000126,28.90822
2018-01-16,319.40509,288.43161,35.855602,28.498297
2018-01-17,334.51004,293.018311,36.16872,28.867235
2018-01-18,324.170044,290.055939,36.048294,28.941029
2018-01-19,321.854248,291.966187,35.678974,29.350952
2018-01-22,322.111572,290.831116,35.357838,29.498518
2018-01-23,319.81488,289.299133,35.703064,30.015039
2018-01-24,318.957184,289.28064,35.38995,30.818501
2018-01-25,326.981384,299.930511,35.823502,30.933273
2018-01-26,327.086182,309.675964,35.574604,31.031664
2018-01-29,324.799042,312.241516,35.317696,30.392176
2018-01-30,321.835236,313.275177,35.968006,30.162617
2018-01-31,337.71209700000003,314.262634,36.216896,30.777508
2018-02-01,340.161285,316.41275,35.630817,30.465963
2018-02-02,332.508667,310.811157,35.462212,29.252573
2018-02-05,313.420288,297.503387,35.100925,28.522894
2018-02-06,324.884827,302.237732,34.916271,28.432711
2018-02-07,331.75589,311.613983,34.795837,28.301531
2018-02-08,315.714417,299.016907,34.844009,27.547264
2018-02-09,318.750336,307.027374,35.590668,27.703035
2018-02-12,329.256256,311.410889,35.871674,28.170359
2018-02-13,328.643402,316.874298,35.823502,28.047365
2018-02-14,330.261871,322.651367,34.988525,28.662268
2018-02-15,341.380737,329.379181,35.77533,28.654074
2018-02-16,340.020813,328.539276,35.734653,28.84264
2018-02-20,338.402313,323.334351,35.360462,28.645868
2018-02-21,337.463745,323.758881,34.913074,28.498297
2018-02-22,340.863556,321.737793,34.994415,28.580284
2018-02-23,341.572266,324.395691,35.848534,29.023006
2018-02-26,348.10379,327.699493,35.816002,29.23616
2018-02-27,349.214691,326.37973,35.303528,28.90822
2018-02-28,346.887482,323.038971,35.026958,28.719652
2018-03-01,334.897156,313.348969,35.775322,28.430065
2018-03-02,330.089478,317.617126,35.954277,28.670012
2018-03-05,337.827667,319.22818,36.474888,28.140465
2018-03-06,334.159668,316.524689,35.87294,28.322496
2018-03-07,332.359161,321.107666,35.523155,28.363867
2018-03-08,333.977753,320.681763,35.311665,28.521082
2018-03-09,339.522797,323.718567,35.596363,28.843777
2018-03-12,329.629761,319.163361,35.645172,29.058895
2018-03-13,324.343292,318.802307,35.458084,29.41469
2018-03-14,316.289093,314.885925,35.832268,29.158195
2018-03-15,316.020935,315.552582,35.734653,29.472605
2018-03-16,316.490204,313.524902,35.946144,29.638096
2018-03-19,317.725647,319.357819,35.929878,29.398144
2018-03-20,323.34726,321.81131,35.669571,29.282303
2018-03-21,322.839752,321.478027,35.710247,29.274033
2018-03-22,306.089569,313.710022,35.637043,29.12509
2018-03-23,307.420746,320.135559,35.067638,28.173563
2018-03-26,315.05365,328.894196,35.645172,28.570721
2018-03-27,307.535706,323.394531,36.222721,28.876863
2018-03-28,306.482239,319.154053,36.312195,28.976154
2018-03-29,314.009796,323.237152,36.328465,28.959614
2018-04-02,308.799866,319.904083,35.962418,28.636921
2018-04-03,316.825378,320.385468,35.929878,28.694834
2018-04-04,313.588379,327.236908,36.434204,29.158195
2018-04-05,322.169312,333.338318,36.613167,29.571907
2018-04-06,312.324188,325.644409,36.434204,29.356766
2018-04-09,308.838165,321.820587,36.417953,29.191284
2018-04-10,320.665741,321.03363,36.035629,29.307125
2018-04-11,313.511749,320.950256,36.173908,29.588446
2018-04-12,323.203644,325.94989,35.645172,29.720839
2018-04-13,315.350525,324.607391,35.74279,29.944233
2018-04-16,317.735138,325.67218,36.661983,30.184195
2018-04-17,322.475769,328.718231,37.272053,30.564796
2018-04-18,326.574768,331.181061,36.954819,30.490335
2018-04-19,326.22998,331.477325,37.093098,30.308302
2018-04-20,324.343292,329.533112,36.783997,30.002157
2018-04-23,324.506104,329.718201,36.800262,29.960777
2018-04-24,315.139801,316.200562,37.174454,29.935966
2018-04-25,328.356049,307.960419,37.442886,29.935966
2018-04-26,328.289001,309.20105,37.491692,30.32485
2018-04-27,326.45977799999997,297.988861,37.743862,30.614439
2018-04-30,319.449463,298.164795,37.516102,30.432411
2018-05-01,315.599518,284.443512,37.263931,30.109716
2018-05-02,310.475861,284.38797,37.621841,30.233833
2018-05-03,316.700867,292.276276,37.629978,30.060074
2018-05-04,320.282623,290.582062,37.442886,30.209011
2018-05-07,326.02887,293.618805,36.971096,30.382765
2018-05-08,324.055969,304.858795,35.913616,30.109716
2018-05-09,329.926697,303.303345,35.620777,30.159363
2018-05-10,331.1586,302.210815,36.369133,30.432411
2018-05-11,329.609039,301.183136,36.548096,30.300026
2018-05-14,331.659119,295.090973,36.238983,30.109716
2018-05-15,329.281769,296.24826,35.962418,29.753927
2018-05-16,328.174927,297.350037,35.702118,29.894592
2018-05-17,331.226013,300.460999,35.482483,30.026979
2018-05-18,338.049957,304.627319,35.24329,30.159363
2018-05-21,350.263794,306.793854,35.828896,30.465508
2018-05-22,341.697723,300.442413,35.919628,30.705456
2018-05-23,345.730469,303.895874,36.282532,30.465508
2018-05-24,345.528381,308.136322,36.496971,30.333132
2018-05-25,346.577484,307.321594,36.719673,30.573072
2018-05-29,339.253082,302.275635,36.538216,30.473774
2018-05-30,344.748749,306.988281,36.901127,30.80475
2018-05-31,338.945038,302.988556,37.033085,30.887489
2018-06-01,343.333954,306.649902,36.455734,31.18536
2018-06-04,347.193451,309.270477,36.233036,31.392212
2018-06-05,346.587067,305.906433,36.101074,31.623886
2018-06-06,357.617065,311.509979,35.375263,31.731464
2018-06-07,354.700775,314.158386,35.614445,31.806559
2018-06-08,355.634338,314.678833,35.696926,31.798199
2018-06-11,357.020325,310.710724,35.334015,31.639677
2018-06-12,356.712311,306.055206,35.828896,32.006798
2018-06-13,350.196381,304.633331,36.109325,31.030577
2018-06-14,348.820038,299.745453,36.463985,31.08898
2018-06-15,344.450409,298.778961,36.645432,30.830326
2018-06-18,341.428192,299.615295,36.76091,30.972172
2018-06-19,328.319305,291.642151,37.165062,30.863707
2018-06-20,329.830383,290.006683,37.156815,30.363071
2018-06-21,324.989166,291.279785,37.354763,29.829073
2018-06-22,326.192322,289.988037,37.783653,29.703913
2018-06-25,318.771576,291.53067,38.43523,29.50366
2018-06-26,318.867798,287.46048,38.014595,30.162825
2018-06-27,317.44339,284.904907,38.21254,29.728945
2018-06-28,322.092102,285.955017,38.220783,30.129448
2018-06-29,322.919891,285.936462,38.196045,30.421476
2018-07-02,323.468475,287.023712,38.682678,30.287977
2018-07-03,320.436646,286.995819,38.765144,30.513266
2018-07-05,320.677277,286.44754,39.227032,30.905415
2018-07-06,322.08252,285.620514,39.391983,31.097328
2018-07-09,329.089294,291.512085,38.245529,30.73019
2018-07-10,334.13269,292.831665,39.045574,30.872044
2018-07-11,327.818848,289.718597,39.400238,30.496576
2018-07-12,333.045105,299.345825,39.573441,30.421476
2018-07-13,337.626465,298.974152,39.556942,30.404793
2018-07-16,342.737244,297.673065,39.350754,30.246262
2018-07-17,343.487946,298.481598,39.301262,30.221235
2018-07-18,346.712219,300.814148,39.218781,29.38685
2018-07-19,341.996124,301.2323,39.523949,29.74563
2018-07-20,341.582184,301.018524,39.194042,29.103163
2018-07-23,340.013397,294.272034,39.06208,28.852846
2018-07-24,344.825745,293.807404,39.210537,28.827814
2018-07-25,342.563995,274.599304,39.218781,28.978004
2018-07-26,345.836395,274.42276,39.655922,29.128187
2018-07-27,347.116455,280.314362,39.565193,28.227064
2018-07-30,337.886353,273.976685,39.515705,28.469038
2018-07-31,342.929688,279.236359,40.084812,28.519096
2018-08-01,339.522583,279.617432,39.655922,28.427315
2018-08-02,336.606232,277.563751,39.9776,28.435663
2018-08-03,335.364624,276.225647,40.356998,28.343882
2018-08-06,333.564819,274.534241,40.406487,28.460695
2018-08-07,337.597595,274.376312,40.480713,28.585848
2018-08-08,334.729401,274.088287,38.666176,28.644253
2018-08-09,332.456421,270.817261,38.608437,28.736031
2018-08-10,328.287628,270.715027,38.047581,28.410627
2018-08-13,327.272095,271.36554,38.270283,28.302155
2018-08-14,328.02655,273.075378,38.53421,28.619215
2018-08-15,320.888397,270.89151,38.88887,28.7861
2018-08-16,334.642365,271.337585,39.177547,29.520357
2018-08-17,335.048615,273.567932,39.236019,29.74563
2018-08-20,339.246368,276.457886,38.935299,29.612135
2018-08-21,342.177063,277.089813,38.425739,29.41188
2018-08-22,338.559662,276.216339,37.807583,29.4536
2018-08-23,336.093231,276.532196,37.707348,28.852846
2018-08-24,337.930939,278.081055,37.615448,29.103163
2018-08-27,342.148041,280.031097,37.281322,29.445255
2018-08-28,339.700958,280.292328,37.030724,29.461945
2018-08-29,338.714417,277.213318,37.206142,29.345131
2018-08-30,335.532227,278.687561,36.913769,28.852846
2018-08-31,331.556915,278.500916,36.571281,28.961311
2018-09-04,334.903534,277.717255,36.663166,28.502407
2018-09-05,335.319427,276.877441,37.306381,28.685972
2018-09-06,339.759033,281.486603,38.225254,28.819479
2018-09-07,337.834198,280.394958,37.030724,28.41897
2018-09-10,330.657349,283.585938,37.055775,28.460695
2018-09-11,333.93631,282.680939,36.897053,28.452347
2018-09-12,341.828918,283.20343,36.855293,28.777754
2018-09-13,343.811707,283.091461,36.997299,28.971573
2018-09-14,348.00946,286.75827,36.671513,28.701916
2018-09-17,344.295319,290.191833,37.080833,28.62607
2018-09-18,351.665588,296.359253,37.414967,28.617647
2018-09-19,353.251862,291.348846,36.504456,28.347982
2018-09-20,355.418427,281.22540299999997,36.161964,28.390121
2018-09-21,360.032166,286.151825,36.763412,27.817091
2018-09-24,355.931091,285.610626,36.613049,27.724394
2018-09-25,355.195984,293.354828,35.694164,27.555862
2018-09-26,353.068115,293.513428,35.635689,27.572708
2018-09-27,355.350739,295.556763,36.120201,27.656984
2018-09-28,359.712952,296.116547,36.420914,27.193501
2018-10-01,369.762512,297.170929,36.070065,26.856422
2018-10-02,373.708801,297.422791,36.278915,26.94912
2018-10-03,379.444489,296.359253,35.744289,26.039022
2018-10-04,377.210144,296.788361,35.902996,25.895765
2018-10-05,373.805481,298.887695,36.512806,25.508129
2018-10-08,373.128479,297.63736,36.688225,25.996891
2018-10-09,372.809235,293.158844,36.855293,25.727226
2018-10-10,355.428131,288.35376,36.704937,24.522186
2018-10-11,346.374878,277.689178,36.370804,24.016571
2018-10-12,348.309357,282.121094,36.404217,23.662647
2018-10-15,347.119659,285.134796,36.938831,23.612085
2018-10-16,356.182587,291.190186,37.181072,24.201965
2018-10-17,353.522705,288.773621,37.014008,23.856461
2018-10-18,347.574219,287.560699,37.005657,23.477251
2018-10-19,344.58551,287.066193,37.648861,24.050278
2018-10-22,344.314697,286.207794,37.565334,23.266584
2018-10-23,338.578979,283.753845,37.364849,23.890169
2018-10-24,343.028259,266.716736,38.442432,23.999716
2018-10-25,351.849396,251.900131,37.815933,24.395786
2018-10-26,347.496826,251.769547,37.473454,22.322773
2018-10-29,324.592834,239.136322,38.333855,22.272213
2018-10-30,338.443573,243.614853,38.275375,22.103674
2018-10-31,343.231384,244.407944,37.615448,22.440748
2018-11-01,351.172363,254.857956,37.506863,22.937931
2018-11-02,346.026672,255.464371,37.373203,23.199171
2018-11-05,350.118042,260.726685,37.799229,23.275009
2018-11-06,354.460968,263.805664,38.150078,22.912653
2018-11-07,359.829041,266.763367,39.269432,23.182314
2018-11-08,360.276001,265.009338,38.910233,22.963217
2018-11-09,358.886505,266.595428,39.10236,22.609287
2018-11-12,346.924927,258.963257,39.169193,22.752539
2018-11-13,339.617737,255.315109,39.486622,22.457602
2018-11-14,334.963287,252.590607,39.595219,22.516592
2018-11-15,331.902466,254.11145,39.411442,22.423899
2018-11-16,326.441589,254.382034,39.673737,22.803104
2018-11-19,311.856384,251.228409,39.800655,22.828382
2018-11-20,308.708069,248.942444,39.479126,22.373333
2018-11-21,308.338837,249.782135,38.607647,22.474455
2018-11-23,303.480377,248.737228,38.6838,22.187943
2018-11-26,307.405975,248.093445,38.624565,22.449177
2018-11-27,309.028717,242.905792,38.996849,22.491308
2018-11-28,324.060913,245.51828,39.022232,22.710407
2018-11-29,332.864471,243.213654,39.377594,22.82136
2018-11-30,336.945587,243.597977,40.046024,22.539719
2018-12-03,349.772003,245.088348,40.181396,22.616528
2018-12-04,332.806152,234.186981,39.969872,21.438766
2018-12-06,322.506165,240.90773,39.36068,22.82136
2018-12-07,314.071869,241.404572,39.749878,21.566782
2018-12-10,317.113251,253.299515,39.952946,21.925234
2018-12-11,312.915558,251.209229,40.24062,21.413158
2018-12-12,317.443634,253.186996,39.775261,21.097378
2018-12-13,316.258179,251.068619,40.232162,20.90962
2018-12-14,309.728333,246.250656,40.046024,20.508499
2018-12-17,307.182526,241.123352,38.920708,20.141514
2018-12-18,318.774872,240.842178,38.523022,20.175652
2018-12-19,310.505707,237.477097,38.311504,19.800131
2018-12-20,304.189636,228.356689,38.150749,18.963741
2018-12-21,295.930267,220.501694,38.150749,18.161501
2018-12-24,285.834351,212.056198,36.399315,18.007877
2018-12-26,305.0448,218.064606,36.923904,18.221239
2018-12-27,308.16394,224.560425,37.186188,18.374865
2018-12-28,307.425446,227.07251,37.186188,18.630898
2018-12-31,313.372223,229.556473,37.160797,18.656506
2019-01-02,314.645142,230.934372,36.991592,18.374865
2019-01-03,302.100525,224.888474,37.516174,18.997885
2019-01-04,317.822571,232.368515,37.829235,19.646507
2019-01-07,318.823425,234.177628,37.744617,20.039093
2019-01-08,330.891937,235.236832,38.819172,20.158581
2019-01-09,334.09848,236.352249,38.489189,20.22686
2019-01-10,342.630005,241.517075,39.208382,20.73893
2019-01-11,342.911774,240.007874,39.436821,20.662117
2019-01-14,340.443695,243.672943,39.056087,20.551172
2019-01-15,342.270508,242.716858,39.589119,20.576775
2019-01-16,342.095581,239.717346,39.656811,20.807203
2019-01-17,348.926605,247.534821,39.826031,21.029102
2019-01-18,354.407013,250.97493,39.952946,21.404627
2019-01-22,347.770294,248.144119,39.826031,20.95229
2019-01-23,348.460144,253.299515,40.257542,20.730398
2019-01-24,348.129822,252.915192,40.57906,21.481434
2019-01-25,353.891968,255.746002,40.189857,21.933764
2019-01-28,352.696777,257.114563,40.130627,22.019112
2019-01-29,354.581879,262.579254,40.257542,22.061781
2019-01-30,376.746307,263.226044,40.502907,22.369026
2019-01-31,374.705688,258.286255,41.120564,22.394629
2019-02-01,376.464508,255.858459,41.027504,22.829889
2019-02-04,385.763641,261.266998,41.129025,22.317818
2019-02-05,398.570618,261.013885,41.23056,22.599464
2019-02-06,399.474304,262.841675,41.069798,22.420238
2019-02-07,395.680267,261.079498,41.594383,22.112995
2019-02-08,395.426361,263.038513,41.560539,21.891092
2019-02-11,394.488892,263.835327,41.662075,21.677731
2019-02-12,401.100311,266.281799,41.772068,21.617992
2019-02-13,400.963562,265.550598,41.645149,21.669195
2019-02-14,400.221375,263.019775,41.628231,21.694799
2019-02-15,408.180511,269.000031,41.593964,21.797216
2019-02-19,406.510559,269.346893,41.902325,21.839886
2019-02-20,411.676605,270.162384,42.604691,22.078859
2019-02-21,407.799591,269.487457,43.015831,21.967905
2019-02-22,414.118073,271.755981,43.144321,22.266617
2019-02-25,416.87204,270.193481,42.450516,22.07032
2019-02-26,416.774384,269.722778,42.159294,21.814281
2019-02-27,425.241302,269.929871,42.296345,22.061781
2019-02-28,429.655426,272.932587,42.561859,21.525587
2019-03-01,430.299988,270.146423,42.810265,21.62937
2019-03-04,422.555695,266.475433,42.913048,21.577478
2019-03-05,420.045898,266.258942,42.887356,21.266144
2019-03-06,414.518494,263.990387,42.938751,21.292088
2019-03-07,412.662964,260.206573,43.247108,21.058582
2019-03-08,412.643433,259.7547,43.598278,21.326679
2019-03-11,390.641144,262.823303,44.026566,22.347178
2019-03-12,366.61731,259.011078,44.266396,22.286642
2019-03-13,368.306793,262.766785,44.309219,22.554735
2019-03-14,364.556732,258.615753,44.137917,22.096375
2019-03-15,370.113464,255.283661,44.42057,22.079082
2019-03-18,363.560608,258.747589,44.352051,22.13962
2019-03-19,364.683655,255.095383,43.675377,22.105022
2019-03-20,367.349731,254.577713,43.838123,21.94071
2019-03-21,363.970764,256.479095,44.172176,22.649866
2019-03-22,353.687408,252.600998,44.43771,22.27799
2019-03-25,361.783234,252.826889,44.583313,22.044483
2019-03-26,361.705109,250.238434,44.994457,22.027193
2019-03-27,365.445404,248.421707,44.737484,22.130974
2019-03-28,365.670013,251.320877,43.983738,23.013094
2019-03-29,372.486542,253.768173,44.266396,22.779594
2019-04-01,382.369537,258.013336,44.03513,22.935261
2019-04-02,381.598022,257.279175,44.23214,22.98715
2019-04-03,375.728729,251.094971,44.112217,23.073635
2019-04-04,386.588318,255.095383,43.855255,23.212006
2019-04-05,382.750397,260.074799,44.240696,23.687662
2019-04-08,365.748108,260.639465,44.120777,23.428211
2019-04-09,360.396515,257.41095,44.497665,23.004448
2019-04-10,356.392548,254.643555,44.343483,23.099577
2019-04-11,361.490265,261.100769,44.64328,23.419565
2019-04-12,370.74823,266.428314,44.968761,23.497398
2019-04-15,366.666138,263.764526,45.157204,23.419565
2019-04-16,372.779541,265.072876,44.874538,23.194712
2019-04-17,368.677887,262.39975,44.67754,22.81418
2019-04-18,371.168182,264.649384,44.506222,22.79689
2019-04-22,366.382935,266.27774,44.480534,22.27799
2019-04-23,365.259827,275.427002,44.40345,22.433661
2019-04-24,366.666138,263.557404,44.737484,22.770943
2019-04-25,373.834198,262.795013,44.91737,22.710405
2019-04-26,371.871307,266.503693,45.003021,23.670362
2019-04-29,370.172028,269.205139,44.763199,22.883371
2019-04-30,368.843903,272.885498,45.585484,23.177412
2019-05-01,367.974762,272.32074,44.985893,23.039042
2019-05-02,366.998169,272.904327,45.182899,22.883371
2019-05-03,367.64267,274.890411,45.602608,23.160116
2019-05-06,362.896545,274.231506,45.405602,23.004448
2019-05-07,348.863129,271.445313,45.277122,22.511496
2019-05-08,351.324097,273.497314,44.7118,22.165564
2019-05-09,347.822601,277.676605,44.848846,22.191507
2019-05-10,348.352966,283.135986,45.713966,22.096375
2019-05-13,331.361084,278.128448,46.339245,21.741798
2019-05-14,336.930115,278.279022,45.936661,21.60342
2019-05-15,339.483795,277.196503,45.945225,21.577478
2019-05-16,347.50827,286.816437,46.304981,21.672609
2019-05-17,348.696686,288.680145,46.634239,21.058582
2019-05-20,346.506439,296.106842,46.859531,20.288885
2019-05-21,352.360291,297.669281,46.764221,20.332125
2019-05-22,346.496613,298.036407,46.885529,20.003492
2019-05-23,344.306305,292.821747,47.08482,19.813227
2019-05-24,348.578857,293.744202,47.093479,19.899712
2019-05-28,348.559235,290.129639,46.408958,19.527836
2019-05-29,342.587494,288.0401,45.828411,19.519186
2019-05-30,343.638458,291.616913,45.923729,19.475946
2019-05-31,335.525543,286.663513,46.356964,19.718098
2019-06-03,332.854034,290.151642,46.928848,19.804581
2019-06-04,338.481934,295.190216,46.963512,20.25429
2019-06-05,342.538391,299.444061,47.492065,20.185104
2019-06-06,344.394745,297.600677,47.985962,20.272867
2019-06-07,347.400238,300.880951,47.405418,20.878422
2019-06-10,347.498444,294.282654,47.206127,21.159256
2019-06-11,343.108063,284.281372,47.266781,21.475199
2019-06-12,340.84903,288.175964,47.786671,21.992987
2019-06-13,342.646423,290.803894,47.786671,22.186062
2019-06-14,340.976715,292.505463,48.219913,22.563435
2019-06-17,348.578857,292.543335,48.089947,22.528336
2019-06-18,367.299347,296.059845,47.881989,22.800392
2019-06-19,361.995544,297.95047,48.297901,22.8706
2019-06-20,368.202972,306.108368,48.54052,23.309408
2019-06-21,365.217102,304.539215,48.757133,22.949587
2019-06-24,367.328827,303.896423,48.765804,22.668749
2019-06-25,362.742035,303.584442,48.505859,22.431793
2019-06-26,368.261932,301.268524,47.639366,22.335257
2019-06-27,357.536407,300.871429,47.726017,22.791616
2019-06-28,357.526611,305.437256,47.899315,23.116335
2019-07-01,350.111053,301.117218,47.518059,23.168991
2019-07-02,347.852051,305.985565,48.401871,23.274302
2019-07-03,348.156525,307.460236,48.791798,23.563917
2019-07-05,349.521729,307.412994,48.835117,23.353287
2019-07-08,344.86618,306.269073,48.791798,23.195318
2019-07-09,346.801086,307.989563,49.008411,23.072454
2019-07-10,346.025146,306.335327,49.311687,23.090002
2019-07-11,352.605804,307.157715,48.947765,22.651197
2019-07-12,358.823059,311.506104,48.23724,22.414246
2019-07-15,355.169312,307.479095,48.6185,22.414246
2019-07-16,356.289032,306.117889,48.22858,22.589766
2019-07-17,362.938477,304.38797,48.341221,22.203611
2019-07-18,354.678253,303.575012,48.63583,22.028093
2019-07-19,370.638824,304.539215,47.890644,22.019314
2019-07-22,366.769012,305.5224,48.072613,22.063196
2019-07-23,366.425232,306.269073,48.020618,22.265051
2019-07-24,354.992554,324.210999,48.211246,22.414246
2019-07-25,341.890137,335.318268,47.968628,22.001764
2019-07-26,338.855194,333.238617,48.297901,23.002239
2019-07-29,334.150513,335.989502,48.6185,22.677526
2019-07-30,341.271362,333.607361,47.907978,22.896931
2019-07-31,335.10318,326.668793,48.69648,22.30015
2019-08-01,328.335968,326.148895,49.372337,21.966658
2019-08-02,333.512085,322.500061,49.701599,22.028093
2019-08-05,325.163452,324.059784,48.462532,21.475199
2019-08-06,326.528717,334.874054,49.337673,21.378658
2019-08-07,325.477783,341.651917,49.779583,21.659494
2019-08-08,332.420685,348.77948,50.420792,22.063196
2019-08-09,333.606659,350.27298,50.542095,21.712149
2019-08-12,329.050537,352.797028,50.84536,21.685823
2019-08-13,328.971466,350.386475,49.562969,22.019314
2019-08-14,316.676819,341.651917,49.441662,21.501528
2019-08-15,324.168243,345.244019,49.935555,21.747255
2019-08-16,326.58963,347.786926,50.347229,22.080748
2019-08-19,329.880737,349.838196,50.750153,22.098301
2019-08-20,327.874451,348.826691,50.531166,21.966658
2019-08-21,336.018158,348.949646,50.758904,22.379139
2019-08-22,350.269745,351.672089,51.196865,22.502003
2019-08-23,351.851044,341.727478,50.522411,22.045645
2019-08-26,354.845642,346.595734,51.100517,22.335257
2019-08-27,350.585999,344.260895,50.592484,21.984213
2019-08-28,355.764771,343.996185,50.636284,22.510778
2019-08-29,358.50238,347.805786,50.907814,22.91448
2019-08-30,359.836639,347.749115,51.030437,23.090002
2019-09-03,350.279633,346.198792,52.353058,23.168991
2019-09-04,352.36496,351.7099,52.650867,23.362064
2019-09-05,356.090912,348.278473,52.116566,23.637644
2019-09-06,358.759369,348.904633,52.274227,23.74432
2019-09-09,354.588654,337.577057,51.696129,23.895445
2019-09-10,365.173553,336.875,51.845028,24.304371
2019-09-11,378.466431,340.442169,52.300507,24.882198
2019-09-12,371.241852,346.485382,52.545761,24.775522
2019-09-13,375.323578,345.024384,52.668388,24.366594
2019-09-16,374.424194,352.376862,52.4319,24.526611
2019-09-17,379.711731,355.260925,53.03627,24.739962
2019-09-18,381.895905,358.059601,53.255245,24.731077
2019-09-19,379.948914,356.313965,53.482983,24.704403
2019-09-20,374.957916,349.293518,53.526783,24.57106
2019-09-23,372.625458,350.194824,53.710724,24.553278
2019-09-24,377.191498,350.555359,54.288818,24.491053
2019-09-25,381.688354,355.773163,54.069839,24.748852
2019-09-26,382.3703,362.546936,54.183712,24.802191
2019-09-27,378.38736,352.139587,54.104881,24.704403
2019-09-30,376.025269,355.564484,54.104881,24.624397
2019-10-01,370.559906,348.923553,54.201221,24.224363
2019-10-02,363.06842,343.904968,53.561813,23.762098
2019-10-03,367.723419,345.641022,53.745762,23.948784
2019-10-04,371.311005,350.052612,54.350128,24.019901
2019-10-07,372.141205,349.046906,54.236263,24.011007
2019-10-08,369.729706,349.540161,53.745762,23.433184
2019-10-09,370.579651,348.77179,54.21875,23.664316
2019-10-10,366.665924,349.834351,54.131157,23.699869
2019-10-11,370.540161,343.639252,53.885895,24.117685
2019-10-14,368.820435,347.62381,53.360348,24.153246
2019-10-15,366.626373,343.373657,53.167656,24.206583
2019-10-16,368.079193,345.982574,53.509266,24.624397
2019-10-17,364.748596,337.994476,53.482983,24.908871
2019-10-18,339.981323,331.685669,53.553055,25.139999
2019-10-21,327.192505,332.416168,53.947216,25.540031
2019-10-22,333.06311,334.304077,53.815826,25.895622
2019-10-23,336.522217,335.082031,54.262539,26.233429
2019-10-24,340.524872,338.601746,54.262539,25.904507
2019-10-25,335.860046,327.302582,53.737,25.833393
2019-10-28,336.897766,328.75412,53.439178,26.108974
2019-10-29,344.853729,329.361298,53.360348,26.366774
2019-10-30,342.017242,335.91687,54.85817,26.695692
2019-10-31,335.939117,334.398987,54.884441,25.966738
2019-11-01,341.15744,334.066925,54.534073,26.660131
2019-11-04,346.988495,323.194733,54.078609,26.846815
2019-11-05,354.104401,320.519379,53.745762,26.375664
2019-11-06,350.052307,326.372833,54.174946,26.260099
2019-11-07,355.196686,325.813141,53.176414,26.091192
2019-11-08,348.924011,332.150482,53.658165,26.340107
2019-11-11,364.789612,332.046143,52.966198,26.260099
2019-11-12,360.733734,333.649445,53.15889,25.904507
2019-11-13,360.355988,335.575317,54.227505,25.762278
2019-11-14,365.266785,337.444275,54.647949,26.073416
2019-11-15,369.481689,338.364471,55.028366,26.091192
2019-11-18,367.274811,338.402496,55.276085,26.331217
2019-11-19,364.829376,335.404541,55.037209,26.420111
2019-11-20,368.716248,334.892212,55.541485,26.233429
2019-11-21,364.272675,330.357483,55.453018,25.806726
2019-11-22,369.143707,331.249237,55.638802,25.771168
2019-11-25,370.923126,331.80899,55.010662,26.144533
2019-11-26,371.300873,335.698669,55.072598,26.331217
2019-11-27,365.823456,334.778412,55.125675,26.446783
2019-11-29,364.014221,334.978394,54.842575,26.233429
2019-12-02,353.079285,325.417633,54.497532,25.966738
2019-12-03,349.99762,326.769867,55.178757,26.073416
2019-12-04,346.776764,326.826965,55.461853,26.313438
2019-12-05,343.635468,327.969727,55.523792,26.304441
2019-12-06,351.995728,328.303009,54.975281,26.538263
2019-12-09,349.132751,326.674652,54.355984,26.421347
2019-12-10,345.842346,328.036377,53.373974,26.079617
2019-12-11,347.929932,332.064484,53.692471,26.376385
2019-12-12,344.241882,329.388611,53.710155,26.574228
2019-12-13,339.6492,328.198273,53.754391,26.655169
2019-12-16,325.065948,328.236328,55.090294,26.664162
2019-12-17,325.065948,329.331421,56.355419,26.673155
2019-12-18,328.724182,322.532257,56.293484,26.83503
2019-12-19,331.527496,325.874786,55.798046,26.987913
2019-12-20,326.060028,329.398102,56.496967,27.113808
2019-12-23,335.553558,331.502625,55.966145,27.104816
2019-12-24,331.030457,330.512207,55.851131,26.844021
2019-12-26,327.968689,331.350281,55.886517,26.969921
2019-12-27,328.187408,329.902771,56.143085,26.960932
2019-12-30,324.469513,332.407288,56.036922,26.915964
2019-12-31,323.833313,327.55072,56.355419,27.158775
2020-01-02,331.348572,338.720764,55.399929,26.430346
2020-01-03,330.791901,357.109039,55.346855,26.475309
2020-01-06,331.766083,357.889862,55.568027,26.421347
2020-01-07,335.285156,357.070923,55.399929,26.250486
2020-01-08,329.410095,352.614349,55.38224,26.349407
2020-01-09,334.350708,354.585571,55.966145,26.565243
2020-01-10,327.968689,356.518677,56.320026,26.592218
2020-01-13,328.266907,358.842133,57.098564,27.203739
2020-01-14,330.384308,356.785309,57.43475,27.554468
2020-01-15,327.849396,362.108429,58.01865,27.815262
2020-01-16,330.036377,365.460449,58.522934,28.148003
2020-01-17,322.232819,361.832214,59.504944,27.860228
2020-01-21,311.516571,360.080109,60.265789,27.698349
2020-01-22,307.172424,357.404297,60.425041,27.419569
2020-01-23,315.910431,363.289246,61.008938,27.716339
2020-01-24,321.139313,363.422577,61.433594,27.455544
2020-01-27,314.727478,360.975281,61.698994,27.131798
2020-01-28,314.687714,363.612946,61.973267,27.329641
2020-01-29,320.115387,364.384369,62.017494,27.068844
2020-01-30,321.387817,366.498383,62.681015,27.041866
2020-01-31,316.387573,356.690002,62.282909,26.034655
2020-02-03,314.131012,346.386566,62.548313,25.378168
2020-02-04,316.05954,344.539154,61.522068,25.342192
2020-02-05,327.600861,350.243164,61.070873,26.007675
2020-02-06,339.410614,346.386566,60.902763,25.764862
2020-02-07,334.758301,344.167786,60.495819,25.701914
2020-02-10,342.63147,345.948486,60.548893,25.764862
2020-02-11,342.382935,350.471741,60.681591,25.989689
2020-02-12,345.39502,350.176575,60.708134,26.754089
2020-02-13,342.820007,350.433655,61.522068,27.203739
2020-02-14,340.48999,353.233276,61.611336,27.572453
2020-02-18,338.880005,354.642639,61.950535,27.08683
2020-02-19,338.299988,348.671967,61.245346,27.311655
2020-02-20,336.279999,345.910431,62.316528,27.761303
2020-02-21,330.380005,348.854095,61.584545,27.635405
2020-02-24,317.899994,343.482788,60.522282,26.763086
2020-02-25,304.140015,324.922394,59.68317,25.243273
2020-02-26,305.589996,319.522461,59.08511,24.640743
2020-02-27,287.76001,316.894196,56.130405,23.714468
2020-02-28,275.109985,314.284973,53.880901,23.363741
2020-03-02,289.269989,321.11853,57.067696,24.676718
2020-03-03,280.619995,314.801117,57.040916,24.03821
2020-03-04,283.119995,331.612518,60.522282,25.495077
2020-03-05,260.369995,313.271973,60.316971,24.539351
2020-03-06,262.329987,314.399689,59.692112,24.211676
2020-03-09,227.169998,299.413696,55.48769,21.799608
2020-03-10,231.009995,320.067261,55.362717,22.236513
2020-03-11,189.080002,303.781433,51.934902,20.44339
2020-03-12,154.839996,277.641968,46.587872,16.984581
2020-03-13,170.199997,300.579742,48.176811,19.951876
2020-03-16,129.610001,270.082123,42.508419,15.428117
2020-03-17,124.139999,305.195953,50.4888,17.248543
2020-03-18,101.889999,308.703491,49.917488,14.790966
2020-03-19,97.709999,283.76828,45.436352,14.690842
2020-03-20,95.010002,271.448792,41.383675,13.434749
2020-03-23,105.620003,257.915558,38.589649,12.260574
2020-03-24,127.68,268.830109,43.776001,15.364399
2020-03-25,158.729996,275.59668,44.757923,16.128979
2020-03-26,180.550003,306.973633,49.221222,16.638699
2020-03-27,162,298.33371,49.997829,15.655668
2020-03-30,152.279999,299.834229,51.765301,15.428117
2020-03-31,149.139999,289.15863,48.32856,15.428117
2020-04-01,130.699997,293.4021,44.757923,14.672639
2020-04-02,123.269997,300.378998,46.77533,14.41778
2020-04-03,124.519997,299.729126,44.873974,13.962671
2020-04-06,148.770004,317.620483,49.453316,15.564648
2020-04-07,141.580002,311.111938,49.203365,15.73759
2020-04-08,146.869995,315.078339,51.934902,17.712751
2020-04-09,151.839996,321.749329,53.854122,19.123581
2020-04-13,147.330002,323.851898,51.524284,18.295292
2020-04-14,141,333.35199,52.666885,18.504635
2020-04-15,145.979996,329.051147,49.890713,17.40328
2020-04-16,134.240005,330.914886,49.381901,17.266745
2020-04-17,154,340.529602,51.301117,18.295292
2020-04-20,143.610001,328.688019,49.569351,17.457891
2020-04-21,136.330002,318.910797,49.542583,17.075602
2020-04-22,134.970001,326.872101,50.926193,17.31226
2020-04-23,137.740005,320.965637,50.703033,17.275848
2020-04-24,128.979996,324.291626,51.533207,17.849283
2020-04-27,128.679993,329.548218,52.202702,18.805008
2020-04-28,131.300003,329.280518,51.827782,19.451263
2020-04-29,139,317.14267,51.211853,20.352369
2020-04-30,141.020004,316.034058,50.640549,19.906366
2020-05-01,133.369995,313.539551,48.569572,16.356531
2020-05-04,131.460007,308.282928,49.024834,16.183592
2020-05-05,125.400002,314.189423,49.658627,15.946938
2020-05-06,121.860001,308.732178,47.882229,16.593189
2020-05-07,128.649994,309.79303,48.408901,16.957273
2020-05-08,133.440002,313.147644,49.462238,18.067734
2020-05-11,128.910004,312.975708,49.819302,17.612627
2020-05-12,125.220001,311.102448,49.560432,16.565882
2020-05-13,121.5,306.27594,48.016129,15.519135
2020-05-14,122.519997,298.123505,48.873085,15.819505
2020-05-15,120,307.394135,47.455036,15.773995
2020-05-18,135.440002,316.511932,49.153076,17.44879
2020-05-19,130.440002,312.555115,48.385345,16.857151000000002
2020-05-20,133.320007,306.218536,49.523399,17.730957
2020-05-21,139,313.587311,48.620186,17.70365
2020-05-22,137.529999,311.484711,49.2976,18.004021
2020-05-26,144.729996,309.84079,49.369854,19.205503
2020-05-27,149.520004,327.799164,49.685978,19.888161
2020-05-28,149.820007,327.560242,51.402092,19.514977
2020-05-29,145.850006,321.724609,51.546608,18.377207
2020-06-01,151.389999,317.37674,52.115631,19.159992
2020-06-02,153.309998,313.911896,52.386604,19.751629
2020-06-03,173.160004,322.454071,53.027882,20.133915
2020-06-04,184.300003,322.24292,52.341431,20.288652
2020-06-05,205.429993,328.34726,52.793045,21.317196
2020-06-08,230.5,334.768311,54.436901,22.427654
2020-06-09,216.740005,328.759979,53.614975,21.617569
2020-06-10,203.410004,327.531372,53.470459,20.761967
2020-06-11,170,308.085876,50.661453,18.814108
2020-06-12,189.509995,304.908936,50.733707,19.80624
2020-06-15,190.940002,301.012177,50.959518,20.115715
2020-06-16,197.770004,311.68515,50.778877,20.962214
2020-06-17,192.539993,309.333649,50.616291,20.370575
2020-06-18,192.289993,305.052887,50.67952,20.397882
2020-06-19,187.020004,300.090759,48.421478,20.661842
2020-06-22,188.520004,302.874207,49.37888,20.498005
2020-06-23,187.880005,294.754333,48.114376,20.725557
2020-06-24,176.690002,289.772949,47.31052,19.79714
2020-06-25,174.880005,289.619385,46.289883,20.015591
2020-06-26,170.009995,289.724915,45.991817,19.56048
2020-06-29,194.490005,296.597076,46.569874,20.188532
2020-06-30,183.300003,295.080658,46.831814,20.44339
2020-07-01,180.320007,295.752502,47.753094,20.206738
2020-07-02,180.809998,297.508942,47.68084,20.243145
2020-07-06,187.910004,299.841187,47.518261,20.543516
2020-07-07,178.880005,292.230042,47.617607,20.206738
2020-07-08,180.080002,288.995483,47.924713,20.634537
2020-07-09,173.279999,274.454559,46.913097,20.579924
2020-07-10,178.440002,280.261261,48.078251,21.562952
2020-07-13,175.649994,280.597229,48.033092,21.617569
2020-07-14,179.960007,283.66861,48.484699,22.263817
2020-07-15,187.940002,288.669189,47.888577,22.809944
2020-07-16,178.699997,291.442963,48.538898,22.882761
2020-07-17,175.660004,294.50473,49.2976,23.620037
2020-07-20,174.419998,289.369812,49.008564,23.328768
2020-07-21,178.630005,295.800446,49.559528,23.374279
2020-07-22,179.789993,303.296509,50.381454,23.765669
2020-07-23,176.449997,300.474731,50.182751,24.038736
2020-07-24,173.759995,300.119568,49.541462,23.765669
2020-07-27,170.210007,295.637268,49.008564,25.012661
2020-07-28,170.839996,300.292328,49.929844,24.803314
2020-07-29,166.009995,302.586273,50.029202,25.804548
2020-07-30,161.949997,312.904083,49.893723,25.850058
2020-07-31,158,311.944275,49.324696,25.313032
2020-08-03,162.270004,310.58136,48.782757,25.485971
2020-08-04,165.070007,311.944275,49.171143,25.331236
2020-08-05,174.279999,316.455353,48.231792,25.804548
2020-08-06,172.199997,313.220825,48.674377,25.495077
2020-08-07,170.020004,316.03302,49.396946,25.804548
2020-08-10,179.410004,322.233368,49.74017,26.223246
2020-08-11,180.130005,328.10733,48.945347,26.296064
2020-08-12,175.440002,325.755798,49.550499,26.57823
2020-08-13,174.729996,325.007172,49.685978,25.941078
2020-08-14,178.080002,328.308868,48.945763,25.81365
2020-08-17,172.009995,326.101349,48.973175,26.359777
2020-08-18,170.229996,324.028168,48.479694,26.286957
2020-08-19,169.270004,324.325684,48.607635,26.368877
2020-08-20,169.580002,323.135529,47.748615,26.396185
2020-08-21,167.5,324.27771,47.85828,26.232347
2020-08-24,178.270004,330.574005,48.306068,26.587332
2020-08-25,174.729996,329.21109,47.894833,26.532722
2020-08-26,171.899994,327.684998,47.264275,26.723864
2020-08-27,174.199997,334.960266,47.702927,27.452034
2020-08-28,175.800003,332.27124,47.903973,28.116491
2020-08-31,171.820007,330.208679,47.68465,27.588568
2020-09-01,172.100006,328.059509,47.346523,28.016365
2020-09-02,174.779999,335.75061,48.625912,28.016365
2020-09-03,168.770004,329.842468,48.068462,27.106155
2020-09-04,171.050003,326.758301,47.785175,26.432596
2020-09-08,161.080002,322.450104,48.296925,25.56789
2020-09-09,160.779999,327.124542,48.296925,26.114025
2020-09-10,157.690002,318.074402,47.118057,25.986589
2020-09-11,160.229996,326.613708,47.300827,25.877363
2020-09-14,165.350006,326.19931,48.306068,26.332468
2020-09-15,163.490005,325.784821,48.443142,26.177736
2020-09-16,167.460007,331.037628,48.69902,26.332468
2020-09-17,167.529999,331.394165,48.909203,26.104918
2020-09-18,161.139999,329.138885,48.260372,25.240213
2020-09-21,156.350006,314.093933,48.461418,24.439226
2020-09-22,156.800003,320.753754,48.543663,25.231113
2020-09-23,151.179993,316.185394,48.00449,24.439226
2020-09-24,146.050003,312.966309,48.479694,24.557554
2020-09-25,156.029999,316.127563,49.174225,24.83062
2020-09-28,166.080002,317.592499,49.08284,25.768139
2020-09-29,163.600006,313.506012,49.0737,25.531483
2020-09-30,165.259995,304.070374,49.548904,25.959286
2020-10-01,167.860001,300.52356,49.914433,26.20504
2020-10-02,168.080002,302.58609,51.413155,26.496311
2020-10-05,171.199997,300.880188,52.244751,27.060642
2020-10-06,159.539993,297.786377,52.847897,26.387087
2020-10-07,164.610001,302.52829,52.820484,26.869497
2020-10-08,168,308.108673,53.652081,27.543056
2020-10-09,167.330002,303.868011,53.679501,26.687456
2020-10-12,167.350006,305.130524,53.789158,27.033339
2020-10-13,162.139999,301.285004,53.313957,26.678352
2020-10-14,163.240005,303.492065,53.003258,26.632843
2020-10-15,164.240005,303.424622,53.021526,27.115257
2020-10-16,167.350006,304.793213,53.323097,26.878601
2020-10-19,167.110001,300.060913,53.039803,26.66925
2020-10-20,167.240005,297.863464,53.551556,27.406525
2020-10-21,163.860001,297.208099,53.798298,27.178968
2020-10-22,169.070007,292.022766,55.342705,26.496311
2020-10-23,167.360001,297.26593,55.607723,26.787579
2020-10-26,160.830002,298.624878,55.388397,25.895567
2020-10-27,155.240005,291.184326,55.022854,25.08548
2020-10-28,148.139999,283.030548,53.332241,24.967152
2020-10-29,148.289993,281.806549,53.195156,25.859158
2020-10-30,144.389999,279.329529,52.500629000000004,24.839724
2020-11-02,148.600006,285.893036,53.926228,25.595198
2020-11-03,153.649994,293.786621,54.703007,25.840956
2020-11-04,151.630005,304.214996,54.611622,25.922876
2020-11-05,157.089996,296.273193,54.986305,26.21414
2020-11-06,157.740005,290.451782,54.794388,25.740835
2020-11-09,179.360001,290.374756,56.951084,25.613401
2020-11-10,188.690002,303.125824,58.641701,25.285728
2020-11-11,182.149994,298.740509,58.413239,25.840956
2020-11-12,176.720001,295.145569,58.047695,25.258419
2020-11-13,187.110001,300.427155,58.989311,26.523613
2020-11-16,202.399994,301.410278,59.192406,26.723864
2020-11-17,210.050003,301.313904,57.567657,26.560024
2020-11-18,203.300003,299.357361,57.03223,26.195938
2020-11-19,205.669998,298.277924,56.376797,26.414392
2020-11-20,199.619995,295.328705,56.201397,26.168631
2020-11-23,211.529999,295.396118,55.80444,26.496311
2020-11-24,218.490005,298.759827,56.487576,26.614637
2020-11-25,217.610001,300.957306,56.210629,26.514511
2020-11-27,216.5,296.328796,55.989071,26.132221
2020-11-30,210.710007,292.678314,55.250549,26.432596
2020-12-01,213.009995,291.555115,55.915218,26.641943
2020-12-02,223.850006,289.29895,57.124542,26.296064
2020-12-03,237.199997,293.811218,57.124542,27.001078
2020-12-04,232.710007,297.490784,56.79221,28.127264
2020-12-07,238.169998,291.458252,56.986076,27.678619
2020-12-08,236.570007,292.387817,56.312172,28.20051
2020-12-09,232.059998,294.101746,56.099850000000004,29.03371
2020-12-10,234.429993,288.969757,55.850597,29.070335
2020-12-11,230.330002,291.041901,55.776749,29.299234
2020-12-14,228.619995,288.553375,55.07515,29.628851
2020-12-15,229.5,289.047211,56.18293,30.727575
2020-12-16,225.869995,292.436218,55.78598,31.038881
2020-12-17,221.240005,291.148407,56.376797,31.551615
2020-12-18,219.75,293.520752,55.518261,30.892378
2020-12-21,219.309998,288.17569,55.389023,30.516985
2020-12-22,218.779999,286.926605,55.130543,30.535294
2020-12-23,219.690002,291.129028,54.816669,30.773354
2020-12-24,217.149994,290.102631,55.204388,30.993099
2020-12-28,216.089996,293.414215,55.379795,30.864918
2020-12-29,216.25,291.448547,55.453644,30.516985
2020-12-30,216.669998,293.017181,55.952145,30.809975
2020-12-31,214.059998,295.060364,56.709129,30.700104
2021-01-04,202.720001,285.416046,54.798206,30.040873
2021-01-05,211.630005,287.188049,55.158237,30.324705
2021-01-06,211.029999,289.657288,56.506042,30.480364
2021-01-07,212.710007,283.305206,56.441414,30.773354
2021-01-08,209.899994,279.18988,56.838371,30.562765
2021-01-11,206.789993,285.396729,56.506042,30.306398
2021-01-12,208.410004,288.107971,54.299709,29.949308
2021-01-13,207.210007,289.967072,55.121307,29.44573
2021-01-14,209.910004,293.414215,54.5028,29.912683
2021-01-15,204.320007,291.216187,55.07515,29.775345
2021-01-19,210.710007,288.572723,56.367569,29.940157
2021-01-20,211.449997,289.308655,55.989071,30.709261
2021-01-21,207.410004,287.459167,55.278248,30.52614
2021-01-22,205.839996,288.708313,55.518261,30.407114
2021-01-25,203.360001,289.860565,56.330635,30.672636
2021-01-26,202.059998,283.818359,55.102844,30.343018
2021-01-27,194.029999,282.975952,54.041222,29.482355
2021-01-28,197.229996,283.740906,54.5028,30.233149
2021-01-29,194.190002,277.524414,54.392021,28.5576
2021-02-01,195.839996,283.043701,54.567421,29.335859
2021-02-02,200.940002,290.48999,55.056686,29.711254
2021-02-03,207.389999,291.206451,54.881294,31.121286
2021-02-04,210.639999,292.281311,55.702896,31.093807
2021-02-05,207.929993,289.318329,56.201397,31.496672
2021-02-08,211.949997,290.615875,56.062923,32.192532
2021-02-09,215.119995,294.150116,55.979839,31.652327
2021-02-10,211.919998,294.004852,56.247547,31.496672
2021-02-11,210.660004,290.131683,56.579891,31.359339
2021-02-12,210.979996,287.933655,56.066795,32.082661
2021-02-16,217.179993,281.659058,55.320484,31.945326
2021-02-17,215.520004,287.759338,55.292503,31.276934
2021-02-18,208.479996,288.417786,55.833572,30.95647
2021-02-19,217.470001,287.817444,55.329815,32.036884
2021-02-22,212.880005,288.495209,55.311157,32.485523
2021-02-23,212.119995,289.211823,54.965984,32.073505
2021-02-24,229.339996,292.165131,54.462223,32.870083
2021-02-25,216.449997,292.320099,53.883827,31.514992
2021-02-26,212.009995,283.777313,52.913624,31.01141
2021-03-01,224.389999,285.528656,53.902489,32.100975
2021-03-02,223.139999,290.704926,53.949135,30.938156
2021-03-03,228.559998,291.016266,53.725235,30.700104
2021-03-04,224.710007,289.469269,53.55732,30.19396
2021-03-05,223.220001,292.777344,54.434235,31.068209
2021-03-08,224.029999,297.360077,55.60968,31.325886
2021-03-09,230.610001,290.237885,55.4231,31.64798
2021-03-10,245.339996,291.891968,55.768276,32.706287
2021-03-11,252,291.317902,55.301826,32.825916
2021-03-12,269.190002,293.633575,55.824245,33.046783
2021-03-15,265.630005,297.476746,56.887741,33.212433
2021-03-16,255.210007,297.574036,57.139618,32.789108
2021-03-17,263.589996,302.17627,56.626534,33.267654
2021-03-18,256.059998,306.428162,56.346664,31.721605
2021-03-19,255.820007,300.308136,55.693638,31.178646
2021-03-22,251.229996,305.717896,55.684315,31.555954
2021-03-23,241.25,305.649811,56.561226,30.884159
2021-03-24,239.240005,307.488708,56.617203,31.11422
2021-03-25,247.190002,312.509247,57.260895,32.016094
2021-03-26,244.869995,310.397919,57.522102,32.614258
2021-03-29,250.520004,314.41626,58.137821,32.402596
2021-03-30,252.009995,313.958984,57.41016,32.623463
2021-03-31,254.720001,314.893036,57.988556,32.761497
2021-04-01,252.960007,313.530792,58.147148,33.902634
2021-04-05,259.359985,321.713593,58.454994,33.810608
2021-04-06,255.169998,322.20977799999997,58.874805,34.178719
2021-04-07,252.580002,324.943817,58.585602,33.893436
2021-04-08,254.949997,327.035736,58.641582,34.07748
2021-04-09,252.360001,330.762207,58.520302,34.546818
2021-04-12,249.520004,331.482208,58.669563,34.335159
2021-04-13,253.270004,329.458466,59.294601,34.43639
2021-04-14,252.429993,332.581696,59.602455,34.988548
2021-04-15,251.110001,335.276794,60.162193,35.43948
2021-04-16,248.179993,337.067108,60.647297,36.184898
2021-04-19,244.149994,335.325439,60.563339,35.77998
2021-04-20,234.059998,335.811981,61.654819,35.319847
2021-04-21,235.919998,336.181671,61.318981,35.154202
2021-04-22,234.330002,334.148132,60.731255,34.813694
2021-04-23,238.380005,332.795746,60.94582,35.154202
2021-04-26,241.440002,328.670319,60.320786,35.743168
2021-04-27,242.470001,330.684418,60.012932,36.240112
2021-04-28,235.460007,329.224915,60.022255,36.599018
2021-04-29,235.940002,342.700623,60.787235,36.479378
2021-04-30,234.309998,344.860626,61.72945,35.678745
2021-05-03,235.190002,351.243317,61.617496,36.230907
2021-05-04,233.630005,358.170837,61.962669,36.065262
2021-05-05,228.179993,362.90921,61.057766,35.485489
2021-05-06,229.809998,360.048645,61.617496,36.092869
2021-05-07,235.470001,360.613068,61.813412,36.810677
2021-05-10,232.929993,363.697327,61.86005,37.537693
2021-05-11,228.880005,358.345978,61.384281,36.479378
2021-05-12,220.779999,353.335205,60.040916,34.620434
2021-05-13,222.639999,360.058411,61.318981,35.080574
2021-05-14,228.470001,361.566498,61.356667,35.255428
2021-05-17,227.979996,362.792511,60.725296,35.034561
2021-05-18,227.550003,358.657349,60.461437,34.344368
2021-05-19,224.419998,360.875732,60.291809,34.307549
2021-05-20,227.649994,361.907074,60.367195,34.160305
2021-05-21,234.820007,360.447662,60.668751,34.086689
2021-05-24,237.440002,362.121155,60.70644,34.187916
2021-05-25,240.740005,359.990326,60.386044,34.289143
2021-05-26,241.369995,356.808716,60.046799,34.905727
2021-05-27,250.699997,360.447662,59.990257,35.264633
2021-05-28,247.020004,357.496765,60.235271,34.933334
2021-06-01,254.729996,357.252411,59.773518,35.559116
2021-06-02,255.619995,358.80603,60.216427,34.749275
2021-06-03,250.320007,358.12207,60.744137,33.54752
2021-06-04,249.919998,368.870331,60.640484,33.288677
2021-06-07,252.660004,363.330078,60.942032,33.00211
2021-06-08,252.759995,362.616821,59.782936,32.881931
2021-06-09,248.059998,364.072662,59.961987,33.307167
2021-06-10,248.339996,363.984802,60.197575,32.355007
2021-06-11,247.279999,366.47641,60.169304,32.650822
2021-06-14,245.139999,363.711151,60.112762,31.920523
2021-06-15,246.539993,366.417786,60.612209,32.04995
2021-06-16,242.270004,363.69165,59.349453,31.781860000000002
2021-06-17,239.220001,360.261963,59.698128,31.467558
2021-06-18,237.350006,358.78656,57.907654,30.885168
2021-06-21,245.279999,364.746918,58.897125,31.670931
2021-06-22,243.779999,364.043457,58.501339,31.550756
2021-06-23,243.570007,361.805786,57.926506,31.356625
2021-06-24,250.570007,361.219482,57.464748,31.6432
2021-06-25,248.380005,364.766479,57.983044,31.698664
2021-06-28,239.960007,361.737396,57.945351,31.430576
2021-06-29,235.759995,352.063965,56.974724,31.560001
2021-06-30,239.559998,355.112579,57.021839,31.818836
2021-07-01,239.729996,359.206665,57.935925,31.73564
2021-07-02,236.679993,360.750488,57.983044,31.717154
2021-07-06,236.139999,359.235962,58.086704,31.402843
2021-07-07,231.779999,362.763397,58.13382,32.207096
2021-07-08,236.770004,361.473633,58.001884,32.391987
2021-07-09,239.589996,363.310577,57.926506,33.113041
2021-07-12,238.289993,361.854675,58.237476,32.955887
2021-07-13,228.199997,358.981995,57.803997,31.99448
2021-07-14,224.449997,355.610901,58.322289,32.077679
2021-07-15,222.759995,355.786804,59.05732,32.012978
2021-07-16,217.740005,354.506744,59.471966,31.44907
2021-07-19,206.990005,346.875519,59.17041,30.459934
2021-07-20,217.149994,351.73175,59.321186,31.107027
2021-07-21,222.539993,353.187653,59.198677000000004,31.504534
2021-07-22,220.869995,351.038025,59.349453,31.587734
2021-07-23,221.520004,353.041107,60.17873,31.966753
2021-07-26,225.850006,350.060913,60.056221,32.040699
2021-07-27,222.270004,353.910736,60.819527,32.216347
2021-07-28,231.570007,351.868561,60.301235,31.772617
2021-07-29,231.630005,357.291534,60.744137,32.197861
2021-07-30,226.479996,354.711945,60.188152,31.180981
2021-08-02,225.339996,353.55896,60.386044,31.633957
2021-08-03,229.089996,356.099457,60.433163,31.92977
2021-08-04,226.630005,349.074005,60.338932,31.467558
2021-08-05,229.940002,350.510376,61.045692,31.874304
2021-08-06,231.330002,353.822784,60.970299,31.939016
2021-08-09,232.270004,352.728394,61.111656,31.550756
2021-08-10,235.779999,354.37973,61.450909,31.99448
2021-08-11,239.490005,357.721497,61.846691,32.660069
2021-08-12,238.179993,355.532684,61.931503,32.373497
2021-08-13,234.460007,354.799835,62.37891,32.188614
2021-08-16,229.059998,360.183777,63.188034,32.059185
2021-08-17,222.220001,360.193573,63.254662,31.319651
2021-08-18,219,354.848755,62.835827,31.245693
2021-08-19,212.160004,352.826111,63.188034,31.34738
2021-08-20,212.669998,354.692413,64.082832,31.578487
2021-08-23,219.399994,354.614288,63.464081,31.920523
2021-08-24,221.429993,354.467682,62.56929,32.22559
2021-08-25,221.029999,354.360199,62.70256,32.595356
2021-08-26,216.5,358.366333,62.959572,32.539894
2021-08-27,221.75,358.022888,62.816784,33.233215
2021-08-30,217.660004,360.750946,62.588329,33.529034
2021-08-31,219.5,360.829468,62.56929,33.279438
2021-09-01,218.119995,358.160309,63.283234,33.575256
2021-09-02,220.830002,361.418243,63.635441,33.974632
2021-09-03,218.169998,359.092529,63.083313,34.030357
2021-09-07,214.240005,352.174255,63.007175,33.556675
2021-09-08,211.380005,353.665833,64.073303,32.832237
2021-09-09,213.940002,350.113525,63.949554,32.386417
2021-09-10,210.300003,347.483582,63.026211000000004,32.237816
2021-09-13,214.479996,347.091064,63.140446,32.089218
2021-09-14,211.570007,345.157867,62.797749,31.661978
2021-09-15,214.220001,349.092957,62.835827,32.544315
2021-09-16,213.360001,343.126556,62.236115,33.148014
2021-09-17,213.360001,343.695709,61.055744,33.593826
2021-09-20,209.5,342.292389,60.884399,33.194458
2021-09-21,208.509995,338.691071,60.741615,32.748642
2021-09-22,216.979996,342.007843,60.551231,33.816738
2021-09-23,221.100006,344.35318,60.35133,34.606194
2021-09-24,221.389999,349.053711,60.122871,34.541183
2021-09-27,224.160004,350.535461,59.437492,34.457592
2021-09-28,218.410004,351.605072,58.961533,33.946762
2021-09-29,225.360001,356.197662,59.627876,33.974632
2021-09-30,219.940002,353.420532,58.990093,33.036568
2021-10-01,226,354.176147,58.780674,33.222317
2021-10-04,223.789993,358.837402,59.427975000000004,33.646191
2021-10-05,224.419998,362.968719,59.075768,33.655613
2021-10-06,224.990005,370.269714,59.713547,33.740387
2021-10-07,226.479996,375.549194,59.656425,33.891094
2021-10-08,226.389999,382.438019,59.55172,34.154842
2021-10-11,226.449997,385.813751,58.94249,35.096786
2021-10-12,223.570007,382.781494,59.113842,35.256912
2021-10-13,221.779999,381.437103,59.504124,35.228661
2021-10-14,217.440002,382.6539,60.218063,35.369949
2021-10-15,217.039993,387.972595,60.094311,35.07795
2021-10-18,216.979996,386.530151,59.447014,34.823624
2021-10-19,215.970001,391.838989,59.942009,34.635235
2021-10-20,216.169998,393.389496,60.646423,35.143887
2021-10-21,214.339996,395.244141,61.074787,34.654079
2021-10-22,212.970001,398.619904,59.92297,34.983757
2021-10-25,212.869995,399.022217,59.789703,35.539497
2021-10-26,209.809998,389.160004,60.237103,34.625816
2021-10-27,206.610001,380.897369,59.627876,33.636772
2021-10-28,207.850006,351.938782,59.723068,34.286713
2021-10-29,207.029999,350.545288,59.323265,33.646191
2021-11-01,214.580002,348.219574,59.475571,34.833046
2021-11-02,212.770004,346.60040299999997,59.485096,34.051228
2021-11-03,213.380005,347.493408,59.542202,36.048145
2021-11-04,213.029999,349.995789,59.494606,35.925694
2021-11-05,224.460007,357.561707,60.065754,36.104664
2021-11-08,222.679993,356.482208,59.608837,35.539497
2021-11-09,220.789993,357.708923,60.303734,35.369949
2021-11-10,218.5,355.334106,60.789211,34.748264
2021-11-11,219.380005,353.214478,60.018158,34.672913
2021-11-12,220.960007,352.929871,59.53717,34.78595
2021-11-15,233.089996,353.273346,59.835381,35.238079
2021-11-16,225.800003,347.974243,59.642986,36.132923
2021-11-17,226.619995,347.346191,59.806526,36.28363
2021-11-18,227.25,344.853668,59.287056,35.737309
2021-11-19,214.130005,346.531738,60.287514,35.831501
2021-11-22,209.899994,356.364502,60.720406,36.594475
2021-11-23,209.130005,357.404694,60.614586,36.302475
2021-11-24,210.600006,354.617706,60.701172,36.71693
2021-11-26,199.210007,348.881622,59.681461,36.189434
2021-11-29,198.5,351.256866,60.431808,36.500278
2021-11-30,197.850006,343.776154,58.777199,35.426468
2021-12-01,188.190002,340.996826,58.815678,35.454727
2021-12-02,202.380005,347.491882,59.652607,36.438786
2021-12-03,198.490005,352.685944,60.441433,36.268467
2021-12-06,205.880005,358.717804,62.201862,36.391476
2021-12-07,208.830002,357.446411,62.019085,37.233612
2021-12-08,211.029999,358.845917,62.288441,37.356617
2021-12-09,207.559998,362.561615,62.11528,37.612095
2021-12-10,205.059998,365.715546,62.6059,37.867577
2021-12-13,197.399994,371.895233,63.664082,37.895962
2021-12-14,195.5,370.801239,63.462063,36.798347
2021-12-15,195.429993,373.3638,64.212418,37.34716
2021-12-16,190.789993,373.265228,64.981995,37.498554
2021-12-17,192.630005,372.023346,64.298988,37.508011
2021-12-20,188.479996,364.621582,64.568344,36.079227
2021-12-21,199.520004,373.038544,63.866089,36.391476
2021-12-22,201.690002,374.339569,64.116219,36.741581
2021-12-23,204.220001,375.679962,64.010399,36.561794
2021-12-27,203.169998,378.676147,64.414421,37.526939
2021-12-28,206.130005,379.780029,65.155159,37.716183
2021-12-29,203.660004,379.444946,65.482231,38.492077
2021-12-30,202.710007,378.991547,65.761208,38.766479
2021-12-31,201.320007,381.494995,65.972839,38.965187
2022-01-03,207.860001,379.977142,65.578423,38.387997
2022-01-04,213.630005,391.272064,65.578423,38.880028
2022-01-05,213.070007,389.300903,65.65538,37.914886
2022-01-06,211.339996,391.548035,65.578423,38.217674
2022-01-07,215.5,394.65271,66.030563,38.170368
2022-01-10,209.309998,396.436615,65.924736,37.990589
2022-01-11,216.020004,394.830109,65.078194,38.539387
2022-01-12,217.449997,389.83316,65.203255,38.842178
2022-01-13,223.899994,391.883148,65.751579,39.419369
2022-01-14,225.960007,397.639069,66.049805,38.77594
2022-01-18,225.009995,395.845276,65.424507,37.167374
2022-01-19,217.080002,395.86496,65.732338,37.07275
2022-01-20,214.190002,391.686066,65.299454,36.230621
2022-01-21,205.440002,393.065857,65.232117,35.965683
2022-01-24,204.199997,397.254669,64.808838,36.760498
2022-01-25,204.100006,397.372955,64.693398,36.40094
2022-01-26,194.270004,397.422211,64.472137,36.031918
2022-01-27,189.75,368.603394,65.443748,35.852135
2022-01-28,190.570007,374.723938,66.376869,37.517479
2022-01-31,200.240005,364.572266,66.848236,38.255524
2022-02-01,208.339996,365.242432,65.405273,38.444767
2022-02-02,207.520004,365.636749,66.194084,39.239594
2022-02-03,206.389999,368.425964,66.617371,39.097656
2022-02-04,206.449997,364.424438,66.078659,38.312302
2022-02-07,211.919998,367.78537,65.078194,38.77594
2022-02-08,213.270004,373.856628,65.309067,39.542377
2022-02-09,215.860001,378.824005,65.491859,40.28043
2022-02-10,218.75,376.517731,63.442818,39.570766
2022-02-11,212.300003,393.568542,64.250885,39.324753
2022-02-14,210.039993,384.974121,63.346626,38.709705
2022-02-15,217.729996,379.228088,62.548172,39.580227
2022-02-16,218.929993,387.990051,62.403885,39.608616
2022-02-17,213.580002,392.375946,62.326923,38.393204
2022-02-18,209.029999,385.614777,61.977039,38.403004
2022-02-22,198.740005,385.102264,62.482422,37.716892
2022-02-23,196.419998,380.519226,61.073189,36.540688
2022-02-24,198.429993,389.793671,61.112064,37.471844
2022-02-25,201.479996,405.378723,63.211334,38.422611
2022-02-28,205.339996,437.508636,62.948921,38.108955
2022-03-01,194.910004,451.322357,62.29776,37.854115
2022-03-02,197.809998,448.640778,62.754543,38.706863
2022-03-03,188.850006,444.979523,64.533096,38.569004
2022-03-04,180.839996,463.661774,65.679924,38.697014
2022-03-07,169.169998,472.943481,67.283531,37.879749
2022-03-08,173.800003,444.504547,65.913162,37.928978
2022-03-09,178.559998,445.207123,65.232857,38.391769
2022-03-10,178.389999,439.952698,66.680962,39.484737
2022-03-11,176.229996,431.729797,66.758713,39.0121
2022-03-14,175.520004,436.796173,66.729561,38.175144
2022-03-15,179.889999,443.12915,66.729561,38.864407
2022-03-16,188.990005,419.9841,66.593483,38.667473
2022-03-17,190.190002,424.308319,66.486595,38.90379
2022-03-18,192.830002,423.467255,66.117271,39.376431
2022-03-21,185.899994,441.921906,66.953087,38.588699
2022-03-22,191.039993,441.625,66.885056,37.613892
2022-03-23,186.039993,442.238586,66.855896,37.564659
2022-03-24,189.050003,449.808411,67.351563,37.485882
2022-03-25,188.949997,453.380554,68.935738,38.007751
2022-03-28,188.160004,442.119751,69.003754,37.948673
2022-03-29,193.800003,441.634918,70.033958,38.421307
2022-03-30,194.910004,448.58136,70.461594,37.948673
2022-03-31,191.5,442.53537,70.471306,37.318493
2022-04-01,190.759995,450.026123,72.036041,37.436649
2022-04-04,191.179993,447.552277,71.064163,38.18499
2022-04-05,182.649994,449.254303,72.259567,37.269257
2022-04-06,178.720001,456.626221,74.358841,36.914783
2022-04-07,177.970001,465.838684,73.629929,37.318493
2022-04-08,175.199997,458.803223,74.339401,38.086521
2022-04-11,175.029999,457.299133,72.385925,38.421307
2022-04-12,176.279999,458.427185,73.416115,38.972717
2022-04-13,182.869995,459.654144,73.241173,39.445351
2022-04-14,181.940002,462.306091,73.85347,39.287804
2022-04-18,179.850006,460.703064,73.69796,39.209034
2022-04-19,185.979996,459.545349,74.125587,40.794327
2022-04-20,183.550003,458.545898,74.349121,41.483589
2022-04-21,181.020004,438.804901,74.310242,41.089729
2022-04-22,176.919998,442.713531,73.775711,40.88295
2022-04-25,175.910004,439.368896,72.862144,40.981411
2022-04-26,167.039993,437.874756,71.666725,40.242924
2022-04-27,154.460007,435.163422,71.41404,40.233082
2022-04-28,154.220001,440.506866,73.454987,41.257122
2022-04-29,148.839996,434.797302,71.326561,40.587555
2022-05-02,148.610001,434.025482,71.151627,39.435501
2022-05-03,153.580002,446.523193,71.064163,40.538319
2022-05-04,156.970001,457.724609,72.473381,41.572212
2022-05-05,150.470001,461.77179,71.97773,40.026299
2022-05-06,148.899994,463.790405,72.570572,39.524124
2022-05-09,133.309998,449.224609,72.142952,38.618237
2022-05-10,132.949997,445.256592,71.141907,38.125912
2022-05-11,129.389999,441.803162,71.899979,37.210182
2022-05-12,123.139999,446.058136,71.997169,37.633583
2022-05-13,127.199997,448.086639,72.242386,38.116062
2022-05-16,124.050003,453.281616,72.830925,37.594196
2022-05-17,132.050003,454.469086,72.732834,38.775787
2022-05-18,125.519997,450.105286,72.409142,37.338184
2022-05-19,127.139999,443.801971,71.928505,37.279106
2022-05-20,120.699997,438.686127,72.006981,37.052639
2022-05-23,124.07,451.985352,72.732834,37.643425
2022-05-24,119.400002,466.165253,74.243401,36.973862
2022-05-25,122.059998,462.72168,74.243401,37.899441
2022-05-26,127.730003,462.533691,73.851044,38.342533
2022-05-27,132.229996,467.559296,74.616135,39.721058
2022-05-31,131.399994,464.788269,74.213974,38.913639
2022-06-01,130.649994,461.093536,74.106079,38.116062
2022-06-02,140.5,459.722931,74.498428,38.304024
2022-06-03,139.25,475.117523,73.821617,37.928104
2022-06-06,139.240005,475.604187,73.909897,38.521656
2022-06-07,140.820007,488.714478,74.243401,38.660156
2022-06-08,139.630005,469.237823,73.203659,37.957779
2022-06-09,133.729996,459.772614,71.496918,37.433475
2022-06-10,127,460.666473,70.761253,35.445072
2022-06-13,115.860001,457.547821,67.436043,33.901829
2022-06-14,122.160004,451.370117,65.503685,34.050217
2022-06-15,133.720001,455.333008,65.297707,34.139252
2022-06-16,133.360001,445.967102,65.013245,32.417946
2022-06-17,136.800003,440.911713,64.140259,32.635582
2022-06-21,136.75,460.616791,65.866615,33.080746
2022-06-22,137.160004,455.491882,66.396301,32.902679
2022-06-23,133.970001,453.138,67.95591,32.932362
2022-06-24,141.529999,460.547302,68.495399,33.961185
2022-06-27,138.720001,463.646118,69.025085,33.525909
2022-06-28,138.699997,461.510712,69.270302,33.031281
2022-06-29,138.449997,458.670135,69.319344,32.685043
2022-06-30,136.720001,475.316223,69.947105,32.764183
2022-07-01,139.839996,483.063141,71.742142,33.614944
2022-07-05,137.699997,461.20282,69.466476,33.832584
2022-07-06,136.309998,478.59375,70.10405,33.565479
2022-07-07,139.970001,476.120697,69.927498,34.109573
2022-07-08,139.070007,477.163544,69.829407,34.633877
2022-07-11,136.990005,472.277008,70.398323,34.307423
2022-07-12,147.149994,465.692078,70.604309,34.238174
2022-07-13,143.949997,462.037109,69.839211,34.445923
2022-07-14,147.149994,455.869293,70.486603,33.990864
2022-07-15,147.740005,458.064301,70.947624,34.406349
2022-07-18,147.720001,446.205505,70.319847,33.951294
2022-07-19,156.130005,454.280212,70.3787,34.782269
2022-07-20,158.380005,452.969177,69.584183,34.811947
2022-07-21,161.410004,450.7146,69.495903,35.118618
2022-07-22,158.160004,448.777863,70.565071,35.128506
2022-07-25,156.639999,450.237885,71.300735,35.079044
2022-07-26,155.919998,441.626801,72.105072,34.71302
2022-07-27,156.089996,442.778931,71.859848,35.375824
2022-07-28,159.089996,451.370117,74.390533,35.979271
2022-07-29,159.309998,475.643951,75.420464,35.929806
2022-08-01,169.070007,472.39621,75.214485,36.503574
2022-08-02,163.279999,477.779327,74.478813,35.484638
2022-08-03,166.639999,478.474579,75.783394,35.148289
2022-08-04,166.5,474.789795,76.47982,34.811947
2022-08-05,165.039993,474.342865,75.793205,34.742699
2022-08-08,165.889999,466.854095,75.714729,35.217537
2022-08-09,164.850006,470.509094,76.754471,34.851517
2022-08-10,169.020004,469.923126,76.793709,35.692387
2022-08-11,167.880005,467.112335,76.411163,36.038624
2022-08-12,169.990005,476.319336,77.301743,36.493679
2022-08-15,170.470001,483.559753,77.549118000000007,36.55304
2022-08-16,172.080002,482.199066,78.241783,36.691532
2022-08-17,167.199997,489.161407,78.419899,36.187016
2022-08-18,168.690002,489.5289,78.884979,36.305725
2022-08-19,162.919998,487.413391,79.320374,35.811096
2022-08-22,158.979996,480.89798,78.281364,34.960331
2022-08-23,160.070007,479.596893,77.964722,35.128506
2022-08-24,163.600006,485.56604,78.043884,35.623135
2022-08-25,169.380005,491.118042,78.291267,36.226582
2022-08-26,164.529999,483.523254,77.380898,34.999908
2022-08-29,165.419998,484.200989,77.855873,34.455814
2022-08-30,162.210007,479.337158,76.767395,33.62484
2022-08-31,160.25,476.406891,76.262733,33.793011
2022-09-01,153.660004,478.729187,77.944923,33.852684000000004
2022-09-02,151.820007,475.370361,77.054359,33.683617
2022-09-06,152.389999,478.151093,76.965294,33.375324
2022-09-07,155.949997,486.16449,78.914665,33.703506
2022-09-08,157.789993,488.108032,78.578232,33.743286
2022-09-09,157.520004,489.782471,78.687065,34.429489
2022-09-12,158.720001,480.702606,79.310478,34.369823
2022-09-13,147.309998,467.376892,77.410591,32.181927
2022-09-14,149.259995,483.274078,78.598015,31.505669
2022-09-15,149.779999,483.473419,76.480431,31.157595
2022-09-16,144.289993,483.593048,76.440849,30.560896
2022-09-19,144.880005,486.453522,77.450165,31.535503
2022-09-20,145.940002,492.363861,76.411163,29.655905
2022-09-21,143.289993,491.23761,75.332581,29.795134
2022-09-22,138.710007,494.815735,75.144569,29.248159
2022-09-23,131.259995,477.234161,74.204521,28.830471
2022-09-26,127.339996,472.798889,72.383797,28.044819
2022-09-27,127.510002,472.569672,70.968773,27.656965
2022-09-28,133.440002,482.088013,71.760391,28.034874
2022-09-29,125.330002,468.921783,68.653282,27.597296
2022-09-30,121.080002,468.762299,67.287735,28.402838
2022-10-03,126.050003,484.101318,68.999619,29.208382
2022-10-04,133.509995,488.656189,69.949562,29.725519
2022-10-05,132.110001,482.84552,68.010094,29.645958
2022-10-06,132.199997,483.622925,65.041519,29.009481
2022-10-07,129.789993,494.44696,63.44838,28.502287
2022-10-10,131.899994,502.161316,63.31974,28.711132
2022-10-11,131.570007,505.629791,62.973404,29.297884
2022-10-12,130.419998,490.749237,60.855824,29.22827
2022-10-13,132.399994,499.779236,63.379116,29.636013
2022-10-14,133.149994,462.652618,62.844765,28.840416
2022-10-17,136.089996,473.51651,63.606701,29.596235
2022-10-18,137.339996,505.12146,64.705078,29.68574
2022-10-19,138.389999,509.217865,64.012413,28.890141
2022-10-20,139.130005,510.742798,62.834873,28.780746
2022-10-21,141.320007,520.928955,63.824398,29.795134
2022-10-24,142.050003,524.218018,63.913452,29.894583
2022-10-25,146.649994,525.005432,65.031624,30.739906
2022-10-26,133.789993,529.231384,64.952454,30.789631
2022-10-27,139.759995,533.736389,64.487381,30.839355
2022-10-28,143.839996,546.294678,65.645119,30.928862
2022-10-31,142.509995,547.191711,64.794136,30.759796
2022-11-01,143.380005,534.105164,64.843605,30.222767
2022-11-02,147.410004,528.54364,64.121262,29.496784
2022-11-03,156.75,523.769531,64.170731,29.22827
2022-11-04,160.009995,521.038635,64.23011,30.113373
2022-11-07,164.910004,532.99884,62.696339,30.789631
2022-11-08,169.619995,539.138428,63.280159,30.8493
2022-11-09,168.740005,531.374268,62.775501,29.894583
2022-11-10,177.580002,529.829407,65.021721,32.679176
2022-11-11,177.490005,491.068207,64.408218,32.907909
2022-11-14,173.550003,480.14447,63.863979,32.162037
2022-11-15,175.350006,499.061615,65.199837,32.559837
2022-11-16,172.690002,503.457031,65.140472,31.893522
2022-11-17,172.779999,517.131531,64.239998,31.843798
2022-11-18,173.889999,518.69635,65.57,32.092422
2022-11-21,172.940002,526.121704,65.730003,31.843798
2022-11-22,172.5,522.912415,65.949997,32.132202
2022-11-23,174.850006,520.610046,66.360001,31.973083
2022-11-25,178.360001,527.830017,66.910004,32.132202
2022-11-28,171.830002,524.880005,65.839996,31.038254
2022-11-29,175.320007,528.349976,65.730003,31.585228
2022-11-30,178.880005,533.289978,67.639999,32.529999
2022-12-01,175.779999,530.299988,67.720001,32.279999
2022-12-02,182.869995,545.599976,67.339996,32.419998
2022-12-05,185.100006,541.429993,67.480003,31.52
2022-12-06,178.429993,531.809998,68.480003,31.02
2022-12-07,176.5,540.210022,68.5,31.690001
2022-12-08,179.080002,540.549988,68.68,31.67
2022-12-09,179.539993,528.940002,68.360001,31.48
2022-12-12,186.270004,535.179993,71.029999,32.32
2022-12-13,187.130005,525.590027,71.209999,32.889999
2022-12-14,188.25,531.780029,71.110001,32.669998
2022-12-15,183.720001,528.48999,70.370003,31.76
2022-12-16,184.699997,529.869995,69.43,31.299999
2022-12-19,185.679993,532.52002,68.910004,30.83
2022-12-20,188.289993,529.570007,69.470001,30.91
2022-12-21,196,538.789978,70.730003,31.110001
2022-12-22,188.25,531.369995,70.760002,31.049999
2022-12-23,189.059998,534.77002,71.739998,31.49
2022-12-27,189.399994,541.190002,72.269997,31.469999
2022-12-28,188.380005,540.409973,71.650002,30.629999
2022-12-29,188.910004,542,72.190002,31.32
2022-12-30,190.490005,545.609985,71.410004,31
