ticker,ref_date,volume,price_open,price_high,price_low,price_close,price_adjusted,ret_adjusted_prices,ret_closing_prices,cumret_adjusted_prices
ABBV,2013-01-02,1577351600,52.990002,54.779999,33.330002,52.810001,36.132145,NA,NA,1
ABBV,2014-01-02,2302354700,66.720001,70.760002,45.5,65.440002,46.219612,0.27918262256503157,0.23915926454915248,1.2791826225650316
ABBV,2015-01-02,2642498700,59.5,71.599998,45.450001,59.240002,43.215,-0.0650072960370155,-0.0947432733880419,1.1960264191345407
ABBV,2016-01-04,2020549900,62.73,68.120003,50.709999,62.619999,47.446606,0.09791984264722897,0.05705599064632039,1.3131411378981237
ABBV,2017-01-03,1503613200,98.139999,99.099998,59.27,96.709999,75.950104,0.6007489344970216,0.5443947707504753,2.102009277334628
ABBV,2018-01-02,1777750200,91.599998,125.860001,77.5,92.190002,75.223648,-0.00956491119485492,-0.04673763878334847,2.0819037452661613
ABBV,2019-01-02,1972901200,88.209999,92.300003,62.66,88.540001,76.328056,0.014681659682338255,-0.03959215664188842,2.1124695475455444
ABBV,2020-01-02,2390710600,105.260002,109.150002,62.549999,107.150002,97.484879,0.2771827832219387,0.21018749480249044,2.6980097362058078
ABBV,2021-01-04,1718548300,136.039993,136.830002,101.809998,135.399994,129.095352,0.32426026809757835,0.2636490104778533,3.5728670965977796
ABBV,2022-01-03,1623063300,162.229996,175.910004,128.259995,161.610001,160.088181,0.24007703236286937,0.19357465407273233,4.430630426175916
AEP,2010-01-04,857259300,36.029999,37.939999,28.26,35.98,22.860422,NA,NA,1
AEP,2011-01-03,949324000,41.630001,41.709999,33.09,41.310001,27.596449,0.2071714599144321,0.14813788215675383,1.207171459914432
AEP,2012-01-03,847389600,42.119999,45.41,36.970001,42.68,29.861794,0.08208827882167014,0.03316385782706721,1.3062660873014507
AEP,2013-01-02,806759600,46.77,51.599998,41.830002,46.740002,34.095955,0.1417919164535124,0.09512656982193057,1.4914840592181544
AEP,2014-01-02,680426800,61.82,63.220001,45.799999,60.720001,46.045708,0.3504742131434653,0.29910137787328317,2.0142107612886586
AEP,2015-01-02,709474200,58.82,65.379997,52.290001,58.27,45.872265,-0.0037667571535657807,-0.04034915941453954,2.0066237184947853
AEP,2016-01-04,699552500,63.32,71.32,56.75,62.959999,51.342457,0.11924835191809269,0.08048736914364163,2.2459102898450434
AEP,2017-01-03,579419300,73.870003,78.07,61.82,73.57,62.099129,0.20950832173847833,0.1685197136041885,2.716447185445658
AEP,2018-01-02,746757700,74.779999,81.050003,62.709999,74.739998,65.442757,0.05384339609658628,0.015903194236781326,2.8627099272270655
AEP,2019-01-02,600364000,94.169998,96.220001,72.260002,94.510002,85.415558,0.305194981317795,0.26451705283695626,3.7363946299853956
AEP,2020-01-02,794543400,81.529999,104.970001,65.139999,83.269997,77.719536,-0.09010093922233697,-0.11892926422750472,3.3997419645184155
AEP,2021-01-04,708010100,88.639999,91.489998,74.800003,88.970001,86.020744,0.1068097987615364,0.06845207404054543,3.762867719589778
AEP,2022-01-03,755071000,95.900002,105.599998,80.300003,94.949997,94.949997,0.10380348488964475,0.06721362181394164,4.1534665020619475
AMGN,2010-01-04,1684505300,55.470001,61.259998,50.259998,54.900002,41.153301,NA,NA,1
AMGN,2011-01-03,1746746500,64.349998,65,47.66,64.209999,48.632236,0.18173353821604743,0.16958099564367957,1.1817335382160474
AMGN,2012-01-03,1149780800,85,90.809998,63.299999,86.199997,66.543877,0.36830798814185717,0.3424699944318641,1.6169754401961582
AMGN,2013-01-02,986088700,115.910004,119.699997,81.559998,114.080002,89.698891,0.3479661096392086,0.323433943971019,2.1796280935033625
AMGN,2014-01-02,897796100,161.669998,173.139999,108.199997,159.289993,127.671371,0.4233327700785061,0.3963007556749518,3.1023360920670737
AMGN,2015-01-02,893317900,162.149994,181.809998,130.089996,162.330002,132.721359,0.03955458424582914,0.019084745643751733,3.2250477063796175
AMGN,2016-01-04,862822400,147.630005,176.850006,133.639999,146.210007,122.692902,-0.07556023443069182,-0.09930385511853823,2.9813623456354086
AMGN,2017-01-03,796388400,175.25,191.100006,147.119995,173.899994,150.014496,0.22268275959435702,0.18938503299572385,3.6452603401122063
AMGN,2018-01-02,870174800,191.929993,210.190002,163.309998,194.669998,172.866302,0.15233065209911434,0.11943648485692293,4.200545224792538
AMGN,2019-01-02,704684800,240.279999,244.990005,166.300003,241.070007,220.579254,0.27601071723047554,0.23835213169314362,5.359940725046576
AMGN,2020-01-02,709180900,227.309998,264.970001,177.050003,229.919998,216.19194,-0.019889966623969135,-0.04625216192904502,5.2533316829189465
AMGN,2021-01-04,669818600,226.259995,276.690002,198.639999,224.970001,218.081757,0.008741385085863973,-0.02152921469667024,5.299253078143111
AMGN,2022-01-03,748134800,262.730011,296.670013,214.389999,262.640015,262.640015,0.20431905269361894,0.1674446096481994,6.381991447053055
ANSS,2010-01-04,111258000,52.540001,53.639999,38.689999,52.07,52.07,NA,NA,1
ANSS,2011-01-03,114432800,56.970001,62.299999,45.720001,57.279999,57.279999,0.10005759554445937,0.10005759554445937,1.1000575955444594
ANSS,2012-01-03,116876800,67.029999,74.370003,55.209999,67.339996,67.339996,0.17562844231194918,0.17562844231194918,1.293258997503361
ANSS,2013-01-02,76242300,87.199997,89.709999,68.330002,87.199997,87.199997,0.29492132728965403,0.29492132728965403,1.6746686575763396
ANSS,2014-01-02,113848000,83.080002,87.150002,71.089996,82,82,-0.05963299517085985,-0.05963299517085985,1.5748031496062993
ANSS,2015-01-02,95930200,93.589996,98.389999,78.760002,92.5,92.5,0.12804878048780477,0.12804878048780477,1.7764547724217399
ANSS,2016-01-04,123374000,92.949997,98.989998,80.510002,92.489998,92.489998,-1.0812972972973345e-4,-1.0812972972973345e-4,1.7762626848473209
ANSS,2017-01-03,135988300,147.899994,155.139999,91.889999,147.589996,147.589996,0.5957400712669494,0.5957400712669494,2.8344535433070868
ANSS,2018-01-02,134591200,143.919998,190.449997,136.800003,142.940002,142.940002,-0.031506159807742073,-0.031506159807742073,2.7451507970040327
ANSS,2019-01-02,113850700,256.100006,260.100006,137.139999,257.410004,257.410004,0.8008255239845319,0.8008255239845319,4.943537622431343
ANSS,2020-01-02,131357200,363.809998,369.820007,200.070007,363.799988,363.799988,0.413309437654956,0.413309437654956,6.9867483771845595
ANSS,2021-01-04,99188100,404.899994,413.890015,292.790009,401.119995,401.119995,0.10258385989831331,0.10258385989831331,7.703475993854428
ANSS,2022-01-03,137173900,239.710007,403.179993,194.229996,241.589996,241.589996,-0.39771141052193126,-0.39771141052193126,4.639715690416747
ARE,2010-01-04,132978600,73.199997,76.190002,55.540001,73.260002,50.796535,NA,NA,1
ARE,2011-01-03,120199000,69.32,85.330002,56.099998,68.970001,49.105537,-0.033289632846019934,-0.058558570609921645,0.9667103671539801
ARE,2012-01-03,90486400,68.019997,77.099998,64.089996,69.32,50.830364,0.0351248984406789,0.0050746555738050425,1.000665970621815
ARE,2013-01-02,125236100,63.639999,78.43,60.860001,63.619999,48.550713,-0.04484821316644516,-0.08222736583958445,0.9557878898629601
ARE,2014-01-02,104520900,89.830002,91.489998,62.93,88.739998,70.292702,0.44782017928346396,0.39484437904502334,1.3838089940583547
ARE,2015-01-02,99792800,91.449997,102.959999,82.910004,90.360001,74.016914,0.0529814887468687,0.01825561231137285,1.457125254704873
ARE,2016-01-04,141544700,110.660004,114.669998,70.690002,111.129997,93.967712,0.2695437694146503,0.22985829758899623,1.849884288367307
ARE,2017-01-03,182266500,130.729996,134.369995,106.889999,130.589996,113.654449,0.2095053351942846,0.17511022698938805,2.23744491627234
ARE,2018-01-02,166646900,114,131,109.040001,115.239998,103.454803,-0.089742602157175555,-0.1175434449052285,2.0366507873027166
ARE,2019-01-02,180280400,159.619995,163.509995,110.660004,161.580002,149.016815,0.4404049950199027,0.402117362063821,2.9336019671420503
ARE,2020-01-02,230981700,174.929993,179.789993,109.220001,178.220001,168.795471,0.13272767908775918,0.10298303499216432,3.3229721476080996
ARE,2021-01-04,202702100,223.699997,224.949997,154.369995,222.960007,216.207794,0.2808862270955126,0.2510380751260348,4.256349256893212
ARE,2022-01-03,245403100,144.190002,224.330002,126.739998,145.669998,145.669998,-0.3262500148352654,-0.34665413784275667,2.8677152486877304
BDX,2010-01-04,355228162,82.917076,83.414635,64.848778,82.458534,67.567032,NA,NA,1
BDX,2011-01-03,375919426,72.858536,87.560974,67.892685,72.89756,61.020519,-0.09688916038224082,-0.11594887195059767,0.9031108396177592
BDX,2012-01-03,279848429,75.52195,78.595123,69.814636,76.282928,65.438843,0.07240718486842113,0.046440072891328565,0.9685025531386373
BDX,2013-01-02,236207828,108.048782,108.234146,76.809753,107.79512,94.409569,0.4427145204874725,0.41309625660934257,1.397272696542302
BDX,2014-01-02,256589851,136.809753,139.082932,102.643906,135.765854,121.102264,0.2827329399205285,0.2594805219382843,1.7923277139063916
BDX,2015-01-02,286644386,150.9561,153.658539,125.72683,150.331711,136.39679,0.1262943028051069,0.10728660094459408,2.0186884929324704
BDX,2016-01-04,262181838,162.887802,177.326828,126.341461,161.512192,148.978516,0.09224356379647936,0.074372073101729,2.2048995137155054
BDX,2017-01-03,337808804,211.092682,224.087799,157.560974,208.83902,195.522537,0.3124210272036807,0.2930232536253363,2.8937564846713997
BDX,2018-01-02,303383256,218.273178,259.385376,203.531708,219.824387,208.455658,0.06614644633012312,0.05260208077973161,3.085168192677162
BDX,2019-01-02,301416279,263.473175,268.760986,205.58049,265.336578,254.738998,0.2220296654169014,0.20703886234424007,3.7701670542521386
BDX,2020-01-02,473146013,241.199997,279.726837,192.926834,244.117065,237.533478,-0.06754175895753511,-0.07997206099492238,3.5155233398442007
BDX,2021-01-04,352419872,247.082932,260.848785,229.395126,245.346344,242.00087,0.01880742048495576,0.005035612729491046,3.5816412655213266
BDX,2022-01-03,312060806,255.809998,277.290009,215.899994,254.300003,254.300003,0.050822680926725594,0.03649395729328675,3.7636698767529104
BKR,2010-01-04,1466278400,56.610001,57.450001,35.619999,57.169998,31.279945,NA,NA,1
BKR,2011-01-03,1486198600,48.27,81,41.91,48.639999,26.855719,-0.1414396988229999,-0.14920411576715464,0.8585603011770001
BKR,2012-01-03,1422808500,39.77,52.959999,37.080002,40.849998,22.854105,-0.1490041655559473,-0.16015627385189712,0.7306312399206584
BKR,2013-01-02,891681900,54.560001,58.830002,40.98,55.259998,31.303608,0.3697148936700869,0.35275399523887385,1.0007564910999684
BKR,2014-01-02,1285525600,55.759998,75.639999,47.509998,56.07,32.096962,0.025343851737473777,0.014658017179081329,1.0261195152357205
BKR,2015-01-02,963921900,45.380001,70.449997,42.779999,46.150002,26.727207,-0.16729792059447868,-0.17692166934189402,0.8544518540553699
BKR,2016-01-04,963129600,64.639999,68.589996,37.580002,64.970001,38.169518,0.4281147296835017,0.4078006107128662,1.2202552785818515
BKR,2017-01-03,819800900,31.58,65.800003,29.620001,31.639999,27.121494,-0.2894462539453603,-0.5130060256579032,0.8670569593392826
BKR,2018-01-02,1270982100,21.57,37.759998,20.09,21.5,18.869555,-0.30425827574247943,-0.32048038307460125,0.6032477039201953
BKR,2019-01-02,1293829300,25.4,28.65,20.43,25.629999,23.212223,0.23014151632086732,0.19209297674418613,0.7420800452174707
BKR,2020-01-02,1784613900,21.17,25.99,9.12,20.85,19.695656,-0.15149634742006401,-0.1865001633437442,0.629657628873708
BKR,2021-01-04,2112400100,23.82,27.66,18.75,24.059999,23.443352,0.19028033389697718,0.1539567865707434,0.7494690927365761
BKR,2022-01-03,2531409900,28.9,39.779999,20.42,29.530001,29.530001,0.2596321976481861,0.22734838850159544,0.9440554003531656
CBOE,2010-06-15,80826200,22.65,34.18,19.6,22.860001,20.236809,NA,NA,1
CBOE,2011-01-03,155103200,25.809999,29.77,21.549999,25.860001,23.280054,0.15038166343320225,0.13123359005977298,1.1503816634332023
CBOE,2012-01-03,148082300,29.4,30.950001,24.440001,29.459999,27.037708,0.1614108798888525,0.1392110541681726,1.3360657799359572
CBOE,2013-01-02,133495900,51.950001,54.790001,29.74,51.959999,48.693562,0.8009500657378208,0.7637474801000503,2.406187754205715
CBOE,2014-01-02,166721300,64.25,65.389999,46.52,63.419998,60.291683,0.23818592281254758,0.22055425751644053,2.9793078049014547
CBOE,2015-01-02,159981500,65.449997,72.529999,55.040001,64.900002,62.561359,0.037644926913053656,0.023336550720168825,3.09146362946846
CBOE,2016-01-04,157103500,73.760002,77.290001,58.43,73.889999,72.269562,0.15517890204399154,0.13852075073895986,3.5711935611983088
CBOE,2017-01-03,278296400,125.07,128.320007,72.540001,124.589996,123.208893,0.704851801924578,0.6861550640973753,6.088355777830388
CBOE,2018-01-02,274873800,95.980003,138.539993,87.870003,97.830002,97.830002,-0.2059826233484624,-0.2147844518752533,4.834260282834116
CBOE,2019-01-02,173456000,118.589996,124.879997,89.529999,120,120,0.2266175768860763,0.2266175768860763,5.929788634166581
CBOE,2020-01-02,224246400,92.080002,127.93,72.010002,93.120003,93.120003,-0.22399997500000002,-0.22399997500000002,4.601516128357983
CBOE,2021-01-04,154357000,129.779999,139,87,130.399994,130.399994,0.40034353306453396,0.40034353306453396,6.443703352638253
CBOE,2022-01-03,165577000,127.190002,130.539993,103.82,125.470001,125.470001,-0.03780669652484803,-0.03780669652484803,6.200088215488913
CCL,2010-01-04,1190100700,45.900002,47.220001,29.68,46.110001,34.747623,NA,NA,1
CCL,2011-01-03,1295764400,32.970001,48.139999,28.52,32.639999,25.282871,-0.2723855959873859,-0.2921275581841778,0.7276144040126141
CCL,2012-01-03,1138939700,36.110001,39.950001,29.15,36.77,29.737425000000002,0.1761886140225135,0.12653189725894287,0.8558117773984139
CCL,2013-01-02,1167093900,40.169998,40.470001,31.440001,40.169998,33.418854,0.12379784059985033,0.09246663040522152,0.9617594274002572
CCL,2014-01-02,999280200,45.759998,46.310001,33.110001,45.330002,38.677002,0.15734076339062963,0.12845417617396948,1.1130833899055486
CCL,2015-01-02,1016733000,54.939999,55.77,42.509998,54.48,47.549576,0.22940180316974934,0.20185302440533737,1.3684267266281784
CCL,2016-01-04,1222304900,52.25,54.900002,40.52,52.060001,46.718201,-0.01748438303634925,-0.044419952276064545,1.3445006295826338
CCL,2017-01-03,792341800,66.900002,69.889999,51.740002,66.370003,61.090637,0.3076410412293058,0.274875177201783,1.7581242032008926
CCL,2018-01-02,974540500,48.900002,72.699997,45.639999,49.299999,46.795437,-0.23399985172850635,-0.25719456423709963,1.3467234003315853
CCL,2019-01-02,1032989500,51.029999,59.240002,39.919998,50.830002,50.243595,0.07368577410656507,0.031034544240051698,1.4459577565924437
CCL,2020-01-02,11518326700,21.620001,51.939999,7.8,21.66,21.66,-0.5689002747514385,-0.5738737134025689,0.6233519915880289
CCL,2021-01-04,9031243700,20.51,31.52,16.32,20.120001,20.120001,-0.07109875346260397,-0.07109875346260397,0.5790324420176884
CCL,2022-01-03,12385824100,7.98,23.860001,6.11,8.06,8.06,-0.5994035984391849,-0.5994035984391849,0.23195831265925732
CF,2010-01-04,3076877000,27.298,27.747999,11.512,27.030001,20.390657,NA,NA,1
CF,2011-01-03,3030661000,28.926001,38.540001,23.068001,28.996,22.012737,0.07955015868296944,0.07273395957329054,1.0795501586829694
CF,2012-01-03,1785933000,39.773998,45.598,29.916,40.632,31.106356,0.41310714792076975,0.40129673058352866,1.5255200457739053
CF,2013-01-02,1218866000,46.360001,47.880001,33.866001,46.608002,36.062061,0.15931486799675265,0.14707624532388275,1.7685580704927752
CF,2014-01-02,1009468000,54.612,58.057999,44.023998,54.507999,43.0313,0.1932568135803443,0.1694987268495225,2.110343967828011
CF,2015-01-02,755982600,40.75,70.32,39.639999,40.810001,32.919697,-0.23498251272910653,-0.2513025290104669,1.614450039545072
CF,2016-01-04,1302872200,31.809999,40.950001,20.77,31.48,26.58572,-0.19240690459575016,-0.2286204550693346,1.3038187048117182
CF,2017-01-03,1102625600,42.939999,43.419998,25.040001,42.540001,37.283203,0.40237702796839825,0.35133421219822103,1.8284454002634638
CF,2018-01-02,763176100,42.52,56.509998,35.700001,43.509998,39.196598,0.05132056384747852,0.022801997583403955,1.9222822491693135
CF,2019-01-02,594188000,47.200001,55.150002,38.900002,47.740002,44.185715,0.12728443932812739,0.09721912650972753,2.166958867485241
CF,2020-01-02,688720700,37.93,48.189999,19.73,38.709999,37.220604,-0.15763264213332295,-0.1891496150335309,1.8253754158093094
CF,2021-01-04,605494400,71.709999,74.769997,38.060001,70.779999,69.670898,0.8718368460651522,0.8284681175011137,3.4168049612133635
CF,2022-01-03,832199800,85.349998,119.599998,63.099998,85.199997,85.199997,0.2228921895050069,0.20372984181590614,4.17838410012978
CI,2010-01-04,865657100,36.240002,39.259998,29.120001,36.66,35.263992,NA,NA,1
CI,2011-01-03,749612800,42.360001,52.950001,36.759998,42,40.437859,0.14671813106128195,0.14566284779050753,1.146718131061282
CI,2012-01-03,691230400,52.84,54.529999,39.009998,53.459999,51.518894,0.274026253467079,0.2728571190476192,1.4609490042987758
CI,2013-01-02,435430100,86.690002,88.57,53.91,87.480003,84.360909,0.637475156201917,0.6363637230894821,2.392267699017173
CI,2014-01-02,431074000,104.480003,105.730003,73.470001,102.910004,99.290993,0.1769786999331644,0.1763831786791321,2.815648126281335
CI,2015-01-02,506240300,146.429993,170.679993,100.669998,146.330002,141.230331,0.42238814149033654,0.4219220319921473,4.004944505432056
CI,2016-01-04,361927500,135.570007,148.990005,115.029999,133.389999,128.778122,-0.08816950942358137,-0.08843027966335992,3.6518305131194446
CI,2017-01-03,337942800,206,212.460007,133.520004,203.089996,196.119949,0.5229290966054001,0.5225279070584596,5.56147894430103
CI,2018-01-02,609505100,191.070007,227.130005,163.020004,189.919998,183.444595,-0.06463062051887436,-0.06484808833222888,5.2020371091282005
CI,2019-01-02,592297400,202.880005,207.279999,141.949997,204.490005,197.566086,0.07697959702764767,0.07671654988117682,5.602487829511759
CI,2020-01-02,534702000,204.050003,224.960007,118.5,208.179993,201.172272,0.01825306191468501,0.018044833046974684,5.7047503867401055
CI,2021-01-04,475160300,231.110001,272.809998,190.880005,229.630005,225.896027,0.12289842309878574,0.10303589548108016,6.405855213442653
CI,2022-01-03,450678900,330.700012,340.109985,213.160004,331.339996,331.339996,0.4667809806145904,0.4429298819202654,9.395986591648501
EIX,2010-01-04,571004400,38.59,39.369999,30.370001,38.599998,25.549295,NA,NA,1
EIX,2011-01-03,615493600,41.450001,41.57,32.639999,41.400002,28.33744,0.10912806008932918,0.07253896748906574,1.1091280600893292
EIX,2012-01-03,475579900,44.689999,47.959999,39.599998,45.189999,31.854231,0.12410404750746706,0.09154581683353546,1.24677534155052
EIX,2013-01-02,566528200,46.240002,54.189999,44.259998,46.299999,33.595802,0.05467314530368039,0.024562956949833126,1.3149404709601573
EIX,2014-01-02,533918000,67.290001,68.739998,44.740002,65.480003,48.731346,0.45051890709440423,0.4142549549515109,1.9073460148313288
EIX,2015-01-02,572993000,60.080002,69.589996,55.18,59.209999,45.358047,-0.06922236459464925,-0.09575448553354515,1.7753150135845233
EIX,2016-01-04,467642800,72.349998,78.720001,57.970001,71.989998,56.663998,0.24926009270196303,0.21584190535115533,2.217830198445788
EIX,2017-01-03,496013500,64.099998,83.379997,62.669998,63.240002,51.294987,-0.0947517151895989,-0.12154460679384937,2.007686983143761
EIX,2018-01-02,655865100,57.189999,71,45.5,56.77,47.883755,-0.06650224904043733,-0.10230869379162877,1.8741712833954904
EIX,2019-01-02,644658900,74.690002,76.449997,53.400002,75.410004,65.893295,0.37610960126247406,0.32834250484410776,2.5790650974909477
EIX,2020-01-02,606413200,61.799999,78.93,43.630001,62.82,57.492275,-0.12749430727360034,-0.1669540290702014,2.250248979472819
EIX,2021-01-04,496552300,67.760002,68.620003,53.919998,68.25,65.304375,0.13588086399433652,0.08643744030563516,2.5560147550059593
EIX,2022-01-03,479454000,64.449997,73.32,54.450001,63.619999,63.619999,-0.02579269765616765,-0.06783884249084249,2.490088239225387
EL,2010-01-04,904485200,39.805,40.720001,23.825001,40.349998,35.458084,NA,NA,1
EL,2011-01-03,661365400,57.110001,60.365002,39.834999,56.16,49.822704,0.4051155161119253,0.39182163032573136,1.4051155161119253
EL,2012-01-03,519012000,57.669998,65.599998,49.810001,59.860001,53.764751,0.07912149850397521,0.06588320868945874,1.5162903613178873
EL,2013-01-02,424936800,75.389999,75.769997,59.900002,75.32,68.39164,0.27205350583693755,0.25826927400151556,1.9288024699811754
EL,2014-01-02,483482100,77.339996,77.980003,63.630001,76.199997,69.992004,0.023399994502252053,0.011683443972384522,1.973936437174665
EL,2015-01-02,469263900,88.620003,91.68,70.379997,88.059998,81.881355,0.16986727512474142,0.15564306387046178,2.3092436410269657
EL,2016-01-04,425448900,77.309998,97.480003,75.300003,76.489998,72.138016,-0.11899337767431917,-0.13138769319526888,2.034458940308224
EL,2017-01-03,475066600,127.800003,130.360001,76.339996,127.239998,121.685707,0.6868457679789808,0.6634854402793944,3.4318184535859295
EL,2018-01-02,508823200,129.729996,158.800003,121.639999,130.100006,125.793564,0.03375792524260879,0.02247727165163904,3.5476695243882888
EL,2019-01-02,413635500,205.699997,208.330002,121.470001,206.539993,201.702637,0.6034416275859709,0.5875479129493659,5.688480996322305
EL,2020-01-02,413618100,262.920013,267.200012,137.009995,266.190002,261.757782,0.29774100077828924,0.28880609577632743,7.382175021075588
EL,2021-01-04,305618500,367.660004,372.359985,231.970001,370.200012,366.552551,0.4003501565428147,0.39073597512501634,10.337629946389656
EL,2022-01-03,416289100,248.330002,374.200012,186.470001,248.110001,248.110001,-0.3231257010130588,-0.32979472458796133,6.997276023148909
EPAM,2012-02-08,42179700,19,23.620001,13.25,18.1,18.1,NA,NA,1
EPAM,2013-01-02,74164200,34.799999,39.759998,18.440001,34.939999,34.939999,0.9303866850828728,0.9303866850828728,1.9303866850828728
EPAM,2014-01-02,118940800,47.810001,52.889999,29.440001,47.75,47.75,0.3666285451238851,0.3666285451238851,2.638121546961326
EPAM,2015-01-02,101663500,79.290001,84.410004,45.27,78.620003,78.620003,0.6464922094240837,0.6464922094240837,4.343646574585635
EPAM,2016-01-04,113346000,64.269997,78.400002,54.529999,64.309998,64.309998,-0.18201481116707674,-0.18201481116707674,3.5530385635359107
EPAM,2017-01-03,83157100,107.669998,109.07,63.32,107.43,107.43,0.6705023066553355,0.6705023066553355,5.935359116022099
EPAM,2018-01-02,93451000,114.980003,144.190002,102.029999,116.010002,116.010002,0.0798659778460391,0.0798659778460391,6.409392375690606
EPAM,2019-01-02,90642500,209.649994,217,111.440002,212.160004,212.160004,0.8288078643425933,0.8288078643425933,11.721547182320439
EPAM,2020-01-02,85478800,359,360.890015,151.970001,358.350006,358.350006,0.68905542629986,0.68905542629986,19.79834287292817
EPAM,2021-01-04,94659500,671.419983,725.400024,328.899994,668.450012,668.450012,0.8653551020172161,0.8653551020172161,36.93093988950275
EPAM,2022-01-03,185166700,323.700012,675.340027,168.589996,327.73999,327.73999,-0.5097015721199509,-0.5097015721199509,18.107181767955794
FANG,2012-10-12,15457900,18.74,19.889999,15.65,19.120001,16.761999,NA,NA,1
FANG,2013-01-02,111772700,51.849998,58.709999,18.6,52.880001,46.358498,1.7656902974400608,1.7656902842212197,2.765690297440061
FANG,2014-01-02,299287800,58.849998,93.330002,44.02,59.779999,52.407539,0.13048397297082404,0.13048407468827383,3.1265685554569
FANG,2015-01-02,302993200,65.769997,85.82,55.529999,66.900002,58.649456,0.11910341754456355,0.11910343123291134,3.498953555599186
FANG,2016-01-04,335912700,101.910004,113.230003,55.48,101.059998,88.596634,0.5106130566667149,0.5106127799517852,5.285564925758557
FANG,2017-01-03,334604000,126.32,127.449997,82.769997,126.25,110.680046,0.24925791198794323,0.24925789133698584,6.6030338028298425
FANG,2018-01-02,497157600,92.440002,140.779999,85.190002,92.699997,81.517548,-0.26348469352822634,-0.26574259801980205,4.863235464934703
FANG,2019-01-02,469828700,90.769997,114.139999,73.18,92.860001,82.264793,0.009166676603177493,0.0017260410483077582,4.907815171686862
FANG,2020-01-02,900777100,49,96.919998,14.55,48.400002,44.422607,-0.46000463406016223,-0.4787852522207059,2.6501974496001353
FANG,2021-01-04,683031700,106.110001,117.709999,47.560001,107.849998,101.065781,1.2750979248021173,1.228305651722907,6.029458717901131
FANG,2022-01-03,692489900,135.559998,168.949997,103.709999,136.779999,136.779999,0.35337596609479527,0.2682429442418719,8.160124517368128
FFIV,2010-01-04,474251000,132.350006,143.75,47.110001,130.160004,130.160004,NA,NA,1
FFIV,2011-01-03,743097000,106.610001,145.759995,69.010002,106.120003,106.120003,-0.18469576107265628,-0.18469576107265628,0.8153042389273437
FFIV,2012-01-03,438270500,96.129997,139.460007,81.07,97.150002,97.150002,-0.08452695765566454,-0.08452695765566454,0.7463890520470483
FFIV,2013-01-02,431699100,90.199997,107.989998,67.529999,90.860001,90.860001,-0.06474524828110662,-0.06474524828110662,0.6980639075579623
FFIV,2014-01-02,323304500,133.130005,136.110001,87.470001,130.470001,130.470001,0.43594540572369134,0.43594540572369134,1.0023816609593836
FFIV,2015-01-02,275958800,97.650002,135.199997,94.510002,96.959999,96.959999,-0.2568406663842978,-0.2568406663842978,0.7449292871871763
FFIV,2016-01-04,227608900,144.960007,148.339996,86.029999,144.720001,144.720001,0.49257428313298557,0.49257428313298557,1.1118622968081655
FFIV,2017-01-03,195958000,132.440002,149.5,114.629997,131.220001,131.220001,-0.09328358144497251,-0.09328358144497251,1.008143799688267
FFIV,2018-01-02,180288500,162.039993,199.710007,131.309998,162.029999,162.029999,0.23479650788906792,0.23479650788906792,1.2448524433050878
FFIV,2019-01-02,168342100,138.869995,173.440002,121.360001,139.649994,139.649994,-0.1381226016053978,-0.1381226016053978,1.0729101852209533
FFIV,2020-01-02,209472800,176.320007,178.089996,79.779999,175.940002,175.940002,0.2598640140292452,0.2598640140292452,1.351720932645331
FFIV,2021-01-04,137493800,245.399994,249,173.410004,244.710007,244.710007,0.39087191211922345,0.39087191211922345,1.8800706782399916
FFIV,2022-01-03,141866400,141.479996,245.589996,133.679993,143.509995,143.509995,-0.41355077072920843,-0.41355077072920843,1.1025660002284574
GPN,2010-01-04,458965000,23.32,27.25,17.305,23.105,22.473753,NA,NA,1
GPN,2011-01-03,326495600,23.705,26.834999,19.129999,23.690001,23.081068,0.027023301359590413,0.02531923826011684,1.0270233013595904
GPN,2012-01-03,424922600,22.18,26.965,19.684999,22.65,22.107719,-0.042170882213942606,-0.04390042026591723,0.9837128226869807
GPN,2013-01-02,394202800,32.355,32.564999,21.865,32.494999,31.766907,0.43691472648082774,0.4346577924944812,1.4135114415469459
GPN,2014-01-02,350080000,40.674999,43.355,31.57,40.365002,39.504868,0.24358559679732128,0.24219120609912914,1.7578224696160005
GPN,2015-01-02,336151600,65.160004,74.639999,38.865002,64.510002,63.181995,0.5993470728721331,0.5981666989636221,2.8113682214092144
GPN,2016-01-04,416882300,69.900002,79.93,51.290001,69.410004,68.02179,0.07660085757026192,0.07595724458356079,3.0267214381149423
GPN,2017-01-03,279978100,100.599998,104.900002,69.040001,100.239998,98.281494,0.444853097808805,0.44417219742560454,4.373167846064695
GPN,2018-01-02,275972800,103.099998,129.25,94.809998,103.129997,101.149765,0.02918424296643285,0.02883079666462085,4.5007954390172396
GPN,2019-01-02,394848400,180.820007,185.419998,98.559998,182.559998,179.289932,0.7725195110438465,0.7701929924423445,7.977747730875212
GPN,2020-01-02,503193700,210.080002,215.699997,105.540001,215.419998,212.481766,0.1851293802710572,0.1799956198509598,9.454663224250973
GPN,2021-01-04,534760200,135.199997,220.809998,116.75,135.179993,134.054169,-0.36910271632437386,-0.3724816903953364,5.964921346247776
GPN,2022-01-03,530717000,98.080002,153.759995,92.269997,99.32,99.32,-0.2591054739968588,-0.26527589034569643,4.419377573474265
ICE,2010-01-04,1135030000,23.823999,25.906,18.436001,23.83,21.209953,NA,NA,1
ICE,2011-01-03,919904500,24.254,27.076,20.514,24.110001,21.459167,0.011749861020436958,0.01174993705413363,1.011749861020437
ICE,2012-01-03,799032000,24.714001,28.549999,22.134001,24.761999,22.039486,0.027042941601600923,0.027042636787945273,1.0391105534274405
ICE,2013-01-02,1014946000,44.700001,45.414001,24.806,44.984001,40.157604,0.8220753424104355,0.8166546650777267,1.8933377174386008
ICE,2014-01-02,1138164000,44.422001,45.900002,36.48,43.858002,39.659882,-0.012394215551306154,-0.025031099390203204,1.8698712816572487
ICE,2015-01-02,901461000,51.098,53.348,40.448002,51.251999,46.914238,0.18291421038519462,0.16858946287612464,2.2118973106635362
ICE,2016-01-04,922482700,56.700001,59.860001,45.444,56.419998,52.307808,0.11496659073946813,0.10083507181836948,2.466191603536321
ICE,2017-01-03,667324400,70.870003,72.989998,55.799999,70.559998,66.224297000000007,0.2660499365601403,0.2506203562786371,3.12232172320231
ICE,2018-01-02,670873500,74.720001,82.650002,66.919998,75.330002,71.593941,0.08108268782377559,0.06760209942182827,3.375487960770116
ICE,2019-01-02,614345800,92.400002,95.559998,71.199997,92.550003,89.113419,0.2447061546730609,0.2285941927892159,4.201490639795383
ICE,2020-01-02,832514700,113.239998,115.400002,63.509998,115.290001,112.418564,0.2615222854371686,0.24570499473673713,5.300274074157543
ICE,2021-01-04,578664200,136.479996,139.789993,108.949997,136.770004,134.835495,0.1994059539846107,0.1863128008820123,6.357180282294827
ICE,2022-01-03,723954400,103.239998,137.399994,88.599998,102.589996,102.589996,-0.23914696200729646,-0.24990865687186792,4.836879930851332
INCY,2010-01-04,494657600,16.790001,17.48,8.5,16.559999,16.559999,NA,NA,1
INCY,2011-01-03,424449900,14.98,21.15,11.76,15.01,15.01,-0.09359897908206405,-0.09359897908206405,0.906401020917936
INCY,2012-01-03,398467900,16.08,26.299999,14.72,16.610001,16.610001,0.10659566955363098,0.10659566955363098,1.003019444626778
INCY,2013-01-02,389077700,50.740002,52.470001,16.58,50.630001,50.630001,2.0481636334639592,2.0481636334639592,3.057367394768562
INCY,2014-01-02,392762500,73.099998,80.779999,40.299999,73.110001,73.110001,0.44400552154838,0.44400552154838,4.41485539944779
INCY,2015-01-02,342329700,108.239998,133.619995,69.050003,108.449997,108.449997,0.4833811450775387,0.4833811450775387,6.5489132577846165
INCY,2016-01-04,395396400,101.93,109.949997,55,100.269997,100.269997,-0.07542646589469237,-0.07542646589469237,6.054951875299026
INCY,2017-01-03,471791600,95.540001,153.149994,92.910004,94.709999,94.709999,-0.055450265945455324,-0.055450265945455324,5.719203183526762
INCY,2018-01-02,470547300,62.799999,102.629997,57,63.59,63.59,-0.32858198002937355,-0.32858198002937355,3.8399760772932416
INCY,2019-01-02,324140300,87.699997,96.790001,62.029999,87.32,87.32,0.37317188237144183,0.37317188237144183,5.272947178318066
INCY,2020-01-02,380151400,86.540001,110.370003,62.48,86.980003,86.980003,-0.003893689876316997,-0.003893689876316997,5.252415957271495
INCY,2021-01-04,382567400,74.059998,101.470001,61.91,73.400002,73.400002,-0.15612785159365883,-0.15612785159365883,4.432367538186445
INCY,2022-01-03,374485100,79.25,84.860001,65.07,80.32,80.32,0.09427789933847674,0.09427789933847674,4.850241838782719
ITW,2010-01-04,967209600,53.549999,53.889999,40.330002,53.400002,40.179985,NA,NA,1
ITW,2011-01-03,920245800,46.689999,59.27,39.119999,46.709999,36.147896,-0.10035068455102703,-0.12528095036400932,0.899649315448973
ITW,2012-01-03,734466500,59.759998,63.330002,47.419998,60.810001,48.286278,0.3357977460154251,0.3018626054776836,1.2017495277810584
ITW,2013-01-02,502354800,83.75,84.32,59.709999,84.080002,68.269806,0.4138552157612976,0.3826673346050429,1.6990998378919255
ITW,2014-01-02,498292600,96.510002,97.790001,76.25,94.699997,78.501602,0.14987293211291686,0.1263082153589863,1.9537489125493703
ITW,2015-01-02,438396800,92.790001,100.139999,78.790001,92.68,78.602875,0.0012900755834255317,-0.021330486420184203,1.9562693963175943
ITW,2016-01-04,410222200,122.980003,127.989998,79.150002,122.459999,106.138931,0.3503186874525901,0.321320662494605,2.641587123539245
ITW,2017-01-03,302286600,167.460007,169.690002,120.059998,166.850006,147.453384,0.38924881389657107,0.36248576974102376,3.6698217781813507
ITW,2018-01-02,409979900,125.260002,179.070007,117.75,126.690002,114.861237,-0.2210335640720188,-0.2406952505593557,2.858667991040813
ITW,2019-01-02,319747400,179.399994,182.339996,122.580002,179.630005,167.241714,0.4560326735816018,0.4178704093792658,4.162313997877302
ITW,2020-01-02,334497400,201.779999,224.690002,115.940002,203.880005,194.709961,0.16424279770297012,0.1349997178923421,4.845944093806905
ITW,2021-01-04,245852600,245.720001,248.110001,192.889999,246.800003,240.652969,0.2359561255317597,0.21051597482548612,5.989374286725096
ITW,2022-01-03,280859900,221.119995,249.809998,173.520004,220.300003,220.300003,-0.08457392437157096,-0.10737439091522216,5.482829398766576
K,2010-01-04,688085000,51.080002,56,47.279999,51.080002,34.638073,NA,NA,1
K,2011-01-03,549119200,50.549999,57.700001,48.099998,50.57,35.395622,0.021870414096073043,-0.009984377056210803,1.021870414096073
K,2012-01-03,485035600,55.169998,57.209999,46.330002,55.849998,40.412075,0.1417252393530477,0.10440968953925256,1.1666952431216369
K,2013-01-02,433066900,61.279999,67.980003,56.040001,61.07,45.502213,0.1259558683883466,0.09346467657886048,1.313647355613576
K,2014-01-02,482658100,66.309998,69.5,55.689999,65.440002,50.217106,0.10361898222400745,0.07155726215817926,1.4497661576035135
K,2015-01-02,476939300,72.790001,73.68,61.130001,72.269997,57.151684,0.13809194818992565,0.10437033605225121,1.6499671907268054
K,2016-01-04,505244500,74,87.160004,68.730003,73.709999,59.867493,0.047519317191073496,0.019925308700372568,1.728372505017817
K,2017-01-03,647332800,68.160004,76.690002,58.759998,67.980003,56.918808,-0.0492535239449563,-0.0777370245249902,1.6432440684561178
K,2018-01-02,661689600,57.189999,74.980003,55.110001,57.009998,49.337784,-0.13319013989189654,-0.16137105789771722,1.4243801611019182
K,2019-01-02,574691300,68.769997,69.32,51.34,69.160004,62.203823,0.2607745617435919,0.21312061789582937,1.795822273369538
K,2020-01-02,553267900,61.529999,72.879997,52.66,62.23,57.985104,-0.06782089583143469,-0.10020248119129671,1.6740279980355721
K,2021-01-04,634330600,63.709999,68.599998,56.610001,64.419998,62.298412,0.07438648381142854,0.03519199742889301,1.7985530546113233
K,2022-01-03,620523200,71.519997,77.169998,59.540001,71.239998,71.239998,0.14352831337017058,0.10586774622377337,2.0566963410464547
KMX,2010-01-04,629791300,32.189999,36,18.620001,31.879999,31.879999,NA,NA,1
KMX,2011-01-03,649552800,30.67,37.02,22.77,30.48,30.48,-0.043914650060058014,-0.043914650060058014,0.956085349939942
KMX,2012-01-03,508243000,36.57,38.240002,24.83,37.540001,37.540001,0.23162732939632535,0.23162732939632535,1.177540846221482
KMX,2013-01-02,357455100,47.099998,53.080002,36.950001,47.02,47.02,0.25253060062518395,0.25253060062518395,1.4749059433784801
KMX,2014-01-02,465574300,67.519997,68.709999,42.540001,66.580002,66.580002,0.4159932369204591,0.4159932369204591,2.0884568409177175
KMX,2015-01-02,454981100,54.279999,75.400002,50.57,53.970001,53.970001,-0.18939622440984594,-0.18939622440984594,1.6929110004049874
KMX,2016-01-04,678254100,64.199997,66.639999,41.25,64.389999,64.389999,0.19307018356364303,0.19307018356364303,2.019761638010089
KMX,2017-01-03,561639300,65.139999,77.639999,54.290001,64.129997,64.129997,-0.004037925206366255,-0.004037925206366255,2.0116059915811166
KMX,2018-01-02,463031200,62.830002,81.669998,55.240002,62.73,62.73,-0.02183061072028436,-0.02183061072028436,1.9676914042563174
KMX,2019-01-02,398911500,87.220001,100.489998,57.950001,87.669998,87.669998,0.3975768850629684,0.3975768850629684,2.7500000235257223
KMX,2020-01-02,418419700,94.18,109.309998,37.59,94.459999,94.459999,0.07744953980722102,0.07744953980722102,2.9629862598176366
KMX,2021-01-04,288465500,127.400002,155.979996,92.129997,130.229996,130.229996,0.3786787780931482,0.3786787780931482,4.085006276192167
KMX,2022-01-03,497746500,60.400002,130.570007,52.099998,60.889999,60.889999,-0.5324425948688503,-0.5324425948688503,1.90997493444087
KO,2010-01-04,5183228600,32.68,32.939999,24.735001,32.884998,22.695026,NA,NA,1
KO,2011-01-03,4589791800,35,35.884998,30.645,34.985001,24.841671,0.09458658474328274,0.06385899734584122,1.0945865847432827
KO,2012-01-03,3797096700,35.880001,40.665001,33.285,36.25,26.463238,0.065276083883407,0.036158323962889316,1.1660369104666373
KO,2013-01-02,3634684700,41.130001,43.43,36.52,41.310001,31.023645,0.1723298940212834,0.13958623448275853,1.3669799276722576
KO,2014-01-02,3858442800,42.919998,45,36.889999,42.220001,32.657368,0.052660575506198626,0.02202856397897457,1.4389658773689005
KO,2015-01-02,3621759900,43.299999,43.91,36.560001,42.959999,34.335918,0.051398814503361034,0.017527190489645017,1.5129270175764507
KO,2016-01-04,3369770500,41.689999,47.130001,39.880001,41.459999,34.213318,-0.003570604985717818,-0.03491620193007916,1.507524952824465
KO,2017-01-03,2857522700,45.700001,47.48,40.220001,45.880001,39.1339,0.14382066071463728,0.10660883035718349,1.724338187583482
KO,2018-01-02,3143896100,47.490002,50.84,41.450001,47.349998,41.784622,0.06773467505155373,0.03204003853443682,1.8411356743984342
KO,2019-01-02,3236708800,55.200001,55.919998,44.419998,55.349998,50.392017,0.20599432489780578,0.16895460058942358,2.2203991746914062
KO,2020-01-02,4301167500,54.450001,60.130001,36.27,54.84,51.636265,0.024691371254299987,-0.00921405634016459,2.275223875046453
KO,2021-01-04,3990523600,58.75,59.349998,48.110001,59.209999,57.508591,0.11372484047790832,0.0796863420860685,2.533973347287639
KO,2022-01-03,4021897900,63.919998,67.199997,54.02,63.610001,63.610001,0.10609562665167704,0.07431180669332549,2.802816837486769
MET,2010-01-04,2268601984,39.52763,42.557934,29.76827,39.607841,27.412214,NA,NA,1
MET,2011-01-03,2883940666,27.896612,43.422459,22.825312,27.789661,19.651188,-0.2831229173973324,-0.2983798081799006,0.7168770826026676
MET,2012-01-03,2669670530,28.636364,35.249554,24.59893,29.35829,21.208454,0.07924538709822526,0.05644649641461985,0.7736862845153624
MET,2013-01-02,2075609793,47.950089,48.413548,30.20499,48.057041,35.521534,0.6748761602330846,0.6369155356119174,1.295828713434092
MET,2014-01-02,1668965356,49.180035,51.310162,41.131908,48.208557,36.578495,0.029755499861013668,0.003152836646767243,1.3343867445365776
MET,2015-01-02,1843401339,43.003567,51.898396,39.652405,42.967915,33.543682,-0.08296713683818868,-0.10870771344597596,1.2236764969075462
MET,2016-01-04,2067705746,48.057041,51.773621,31.194296,48.030304,38.863106,0.15858199466594058,0.11781788806834137,1.4177295566129755
MET,2017-01-03,1427714082,51.09,55.91,44.180035,50.560001,42.136391,0.08422602660734335,0.052668769283658934,1.537139283970277
MET,2018-01-02,1595578400,40.849998,55.209999,37.759998,41.060001,35.493469,-0.1576528469180003,-0.18789556590396428,1.2948048997428665
MET,2019-01-02,1338027100,50.73,51.599998,40.25,50.970001,45.728764,0.2883712211956515,0.24135411004982688,1.66818936989183
MET,2020-01-02,1633525600,46.48,53.279999,22.85,46.950001,44.166645,-0.03416053405685737,-0.07886992193702336,1.6112031301083527
MET,2021-01-04,1244276100,62.32,67.68,45.73,62.490002,60.697006,0.3742725081336833,0.33099042958486824,2.214232166726847
MET,2022-01-03,1097479700,72.309998,77.360001,57.41,72.370003,72.370003,0.19231586151053315,0.15810530778987664,2.640064133455255
NFLX,2010-01-04,7126840000,25.578571,29.89143,6.931429,25.1,25.1,NA,NA,1
NFLX,2011-01-03,11185849500,9.872857,43.541428,8.91,9.898571,9.898571,-0.6056346215139442,-0.6056346215139442,0.3943653784860558
NFLX,2012-01-03,10215947000,12.768571,19.061428,7.544286,13.227143,13.227143,0.33626793200755944,0.33626793200755944,0.5269778087649403
NFLX,2013-01-02,6915790700,52.214287,55.594288,12.955714,52.595715,52.595715,2.976347348781214,2.976347348781214,2.095446812749004
NFLX,2014-01-02,4898415200,49.032856,69.898567,42.785713,48.80143,48.80143,-0.07214057266832474,-0.07214057266832474,1.944280079681275
NFLX,2015-01-02,4681123800,116.209999,133.270004,45.264286,114.379997,114.379997,1.343783716993539,1.343783716993539,4.5569719920318725
NFLX,2016-01-04,3234743600,126.239998,129.289993,79.949997,123.800003,123.800003,0.08235711004608604,0.08235711004608604,4.932271035856574
NFLX,2017-01-03,1654091200,192.509995,204.380005,124.309998,191.960007,191.960007,0.5505654470783816,0.5505654470783816,7.6478090438247
NFLX,2018-01-02,2878875800,260.160004,423.209991,195.419998,267.660004,267.660004,0.3943529601975897,0.3943529601975897,10.663745179282868
NFLX,2019-01-02,1980147700,322,385.98999,252.279999,323.570007,323.570007,0.20888441367579125,0.20888441367579125,12.891235338645416
NFLX,2020-01-02,1754276900,525.530029,575.369995,290.25,540.72998,540.72998,0.6711375229534176,0.6711375229534176,21.543027091633462
NFLX,2021-01-04,986504500,610.01001,700.98999,478.540009,602.440002,602.440002,0.11412354462018204,0.11412354462018204,24.001593705179282
NFLX,2022-01-03,2729939400,285.529999,609.98999,162.710007,294.880005,294.880005,-0.5105238629223696,-0.5105238629223696,11.748207370517925
NSC,2010-01-04,701547800,62.619999,63.669998,46.18,62.82,47.753082,NA,NA,1
NSC,2011-01-03,715995200,72.849998,78.400002,57.57,72.860001,56.712006,0.18760933587490758,0.15982172874880596,1.1876093358749076
NSC,2012-01-03,712652500,60.82,78.5,56.049999,61.84,49.47995,-0.12752248615575335,-0.1512489822776697,1.0361624407823562
NSC,2013-01-02,490723500,92.099998,93.169998,62.650002,92.830002,76.277863,0.5415913516484958,0.5011319857697281,1.597339057613077
NSC,2014-01-02,461984900,111.230003,117.639999,87.139999,109.610001,92.105759,0.20750313888578664,0.18076051533425597,1.928791925932655
NSC,2015-01-02,566901100,84.160004,112.050003,72.099998,84.589996,73.357887,-0.20354722878946152,-0.22826388807349796,1.5361916744975748
NSC,2016-01-04,432752000,108.849998,111.43,64.510002,108.07,96.449165,0.3147756695881929,0.27757424175785506,2.019747437453356
NSC,2017-01-03,436137400,145.520004,146.330002,105.889999,144.899994,131.99118000000001,0.3685051602053788,0.34079757564541513,2.7640347904665084
NSC,2018-01-02,478126200,148.789993,186.910004,127.790001,149.539993,138.881653,0.052204041209420016,0.032022078620652206,2.9083285765722926
NSC,2019-01-02,408728300,193.330002,211.460007,143.600006,194.130005,183.863358,0.32388514989809347,0.2981811828759413,3.8502930135483187
NSC,2020-01-02,391856800,236.449997,247.979996,112.620003,237.610001,229.396912,0.24764887629214294,0.2239735995473755,4.803813751749049
NSC,2021-01-04,298738000,294.399994,299.200012,230.149994,297.709991,291.930603,0.27260040449018796,0.25293543936309315,6.113335323571366
NSC,2022-01-03,333060200,246.669998,298.98999,203.649994,246.419998,246.419998,-0.155895286524654,-0.17228173239238054,5.16029516168192
NUE,2010-01-04,1161415100,44.310001,50.720001,35.709999,43.82,30.820667,NA,NA,1
NUE,2011-01-03,957499500,39.43,49.240002,29.82,39.57,28.882904,-0.06287219546546474,-0.0969876768598813,0.9371278045345353
NUE,2012-01-03,693519100,42.349998,45.75,34.23,43.16,32.673077,0.1312254820360168,0.09072529694212772,1.0601028524139338
NUE,2013-01-02,521480900,53.490002,54.73,41.32,53.380001,41.67094,0.275390744495843,0.23679335032437443,1.3520453661823737
NUE,2014-01-02,475299900,49.400002,58.759998,46.389999,49.049999,39.418774,-0.05404644099701139,-0.0811165589899483,1.2789721260737155
NUE,2015-01-02,594023100,40.349998,50.700001,36.759998,40.299999,33.535545,-0.1492494160269926,-0.17838940220977373,1.0880862831424123
NUE,2016-01-04,728093300,61.049999,68,33.900002,59.52,51.036045,0.5218492796225618,0.47692311357129324,1.655903326167471
NUE,2017-01-03,683317400,64.75,66,51.669998,63.580002,55.935871,0.09600716513201601,0.06821239919354838,1.8148819102454858
NUE,2018-01-02,644968500,51.950001,70.480003,49.790001,51.810001,46.784245,-0.16360925174473462,-0.18512111717140245,1.5179504389051672
NUE,2019-01-02,563110100,55.91,62.310001,46.099998,56.279999,52.324379,0.11841879675518974,0.08627674027645726,1.6977043034143293
NUE,2020-01-02,584021500,52.950001,57.5,27.530001,53.189999,51.402046,-0.017627213502142136,-0.05490405214825955,1.6677785071945395
NUE,2021-01-04,829691700,113.970001,128.809998,47.939999,114.150002,112.28595,1.1844646028292338,1.1460801681910167,3.643203114325852
NUE,2022-01-03,657687800,132.520004,187.899994,88.5,131.809998,131.809998,0.17387792506542454,0.15470867884873107,4.276675712436724
NVDA,2010-01-04,18681213200,3.75,4.74,2.1625,3.85,3.533347,NA,NA,1
NVDA,2011-01-03,23076663600,3.48,6.5425,2.8675,3.465,3.180012,-0.10000008490533197,-0.10000000000000009,0.899999915094668
NVDA,2012-01-03,12077568000,3.015,4.225,2.7875,3.065,2.831059,-0.10973323371106769,-0.11544011544011545,0.8012400140716438
NVDA,2013-01-02,8914737600,4,4.08,2.9775,4.005,3.780136,0.33523745001428784,0.3066884176182707,1.0698456732384336
NVDA,2014-01-02,7155693600,5.1,5.3125,3.83,5.0125,4.815732,0.2739573391010268,0.25156054931335836,1.3629377471275816
NVDA,2015-01-02,7818756400,8.335,8.485,4.735,8.24,8.047841,0.6711563268055616,0.6438902743142145,2.2776820391543766
NVDA,2016-01-04,11159860400,27.8375,29.9825,6.1875,26.684999,26.31325,2.269603611701573,2.2384707524271845,7.447117421526953
NVDA,2017-01-03,17215246800,49.615002,54.6675,23.7925,48.375,47.886921,0.8198786162864717,0.8128162568040567,13.552849748411349
NVDA,2018-01-02,13756960800,33.849998,73.190002,31.115,33.375,33.130444,-0.3081525538048271,-0.31007751937984496,9.376504487105283
NVDA,2019-01-02,11501271600,57.724998,60.452499,31.922501,58.825001,58.622028,0.7694307990559983,0.7625468464419476,16.591075826970854
NVDA,2020-01-02,12165638000,131.365005,147.267502,45.169998,130.550003,130.31424,1.2229568721164,1.2192945309087202,36.881246025369144
NVDA,2021-01-04,9060882200,296.73999,346.470001,115.665001,294.109985,293.835236,1.254820624361543,1.2528531462385333,83.16059419015454
NVDA,2022-01-03,13633375200,143.339996,307.109985,108.129997,146.139999,146.139999,-0.5026464457108202,-0.5031110589461967,41.36021709727348
NWL,2010-01-04,1067111300,17.959999,18.48,13.11,18.18,12.466624,NA,NA,1
NWL,2011-01-03,955574400,16.360001,20.379999,10.87,16.15,11.284028,-0.09486096636908281,-0.1116611661166117,0.9051390336309172
NWL,2012-01-03,739780400,21.76,22.49,15.93,22.27,15.913833,0.410297191747486,0.3789473684210527,1.276515037270716
NWL,2013-01-02,584727900,32.419998,32.540001,21.719999,32.41,23.698179,0.4891559437628885,0.4553210597215984,1.9009299550543917
NWL,2014-01-02,515727600,38.540001,38.73,28.27,38.09,28.425262,0.19947030529223375,0.1752545510644865,2.2801090335282432
NWL,2015-01-02,516820900,43.630001,50.900002,36.330002,44.080002,33.50988,0.1788767329567622,0.15725917563664993,2.687967488230976
NWL,2016-01-04,1208440000,45.43,55.450001,33.259998,44.650002,34.507393,0.029767728204338484,0.012931033896051103,2.767982173842734
NWL,2017-01-03,1206617800,30.950001,55.080002,27.459999,30.9,24.379404,-0.29350200404881355,-0.3079507588823849,1.9555738586485003
NWL,2018-01-02,2200405900,18.57,32.580002,15.12,18.59,15.230361,-0.37527754985314654,-0.3983818770226537,1.2216908924180276
NWL,2019-01-02,1347364900,19.120001,22.059999,13.04,19.219999,16.666237,0.09427721378370468,0.0338891339429801,1.3368685058601268
NWL,2020-01-02,891651400,21.110001,22.09,10.44,21.23,19.454073,0.16727447233589698,0.1045786214661093,1.5604924797603585
NWL,2021-01-04,659737900,21.59,30.1,20.360001,21.84,20.767176,0.06749758778020398,0.02873292510598202,1.6658219578933315
NWL,2022-01-03,916140100,12.99,26.450001,12.25,13.08,13.08,-0.3701599100426557,-0.4010989010989011,1.0492014518124555
OMC,2010-01-04,694575600,45.810001,47.880001,33.5,45.799999,31.77873,NA,NA,1
OMC,2011-01-03,596401300,44.360001,51.25,35.27,44.580002,31.649548,-0.00406504602292157,-0.02663748966457402,0.9959349539770784
OMC,2012-01-03,417199800,49.080002,54.759998,43.830002,49.959999,36.331173,0.1479207538761691,0.12068184743464139,1.1432544031809957
OMC,2013-01-02,415198800,74,74.5,50.400002,74.370003,55.467354,0.5267151985431353,0.4885909625418525,1.7454238731377874
OMC,2014-01-02,415076600,77.959999,78.489998,64.029999,77.470001,59.301239,0.06911966631759658,0.04168344594526907,1.8660669888318384
OMC,2015-01-02,374448200,74.900002,80.980003,64.120003,75.660004,59.517532,0.003647360555147916,-0.023363843767086,1.8728732079601673
OMC,2016-01-04,414321900,85.639999,89.660004,66.480003,85.110001,68.692726,0.15415951723266996,0.12490082606921349,2.1615944375373086
OMC,2017-01-03,487780900,73.410004,87.43,65.32,72.830002,60.500252,-0.11926261304581198,-0.1442838544908489,1.9037970365713168
OMC,2018-01-02,600863600,72.599998,83.339996,65.849998,73.239998,62.881519,0.03935962117975955,0.00562949318606365,1.9787297667339128
OMC,2019-01-02,449032500,80.660004,85.050003,71.5,81.019997,71.920364,0.14374406254403627,0.10622609520005732,2.2631604220810586
OMC,2020-01-02,622913900,61.709999,81.169998,44.5,62.369999,57.837799,-0.19580775481058477,-0.23019006036250533,1.8200160610571912
OMC,2021-01-04,447763800,73.599998,86.379997,60.369999,73.269997,70.490646,0.21876432400202517,0.17476347883218657,2.2181706443271962
OMC,2022-01-03,415869000,80.910004,91.610001,61.310001,81.57,81.57,0.15717481153456858,0.11327969618996958,2.5668111973008356
PNC,2010-01-04,1322243900,60.77,70.449997,49.43,60.720001,43.840576,NA,NA,1
PNC,2011-01-03,1176335600,58.209999,65.190002,42.700001,57.669998,42.485958,-0.0308987272429998,-0.05023061511477911,0.9691012727570002
PNC,2012-01-03,856451300,57.419998,67.889999,53.360001,58.310001,44.0383,0.03653776619559812,0.011097676819756375,1.0045100684808521
PNC,2013-01-02,632323800,77.540001,78.360001,58.959999,77.580002,60.091114,0.3645193842632435,0.33047505864388493,1.3706734601297208
PNC,2014-01-02,550863000,92.589996,93.449997,76.059998,91.230003,72.290741,0.20301881905534325,0.17594741748008724,1.6489459673157578
PNC,2015-01-02,616013500,95.519997,100.519997,81.839996,95.309998,77.208961,0.06803388555665801,0.04472207460083055,1.7611301685452307
PNC,2016-01-04,693445200,116.209999,118.57,77.400002,116.959999,97.137932,0.2581173317433971,0.2271535143668768,2.215708388502925
PNC,2017-01-03,543433400,146.119995,147.279999,113.660004,144.289993,122.348717,0.2595359452371293,0.2336695813412244,2.790764359482868
PNC,2018-01-02,596598400,115.879997,163.589996,108.449997,116.910004,101.57737,-0.16977167811248883,-0.18975667286919895,2.3169716109569367
PNC,2019-01-02,495949100,159.850006,161.789993,114.849998,159.630005,143.128189,0.40905586549445005,0.3654092852481641,3.2647424386029966
PNC,2020-01-02,668395900,146.75,161.25,79.410004,149,139.154694,-0.02776179191368089,-0.06659152206378749,3.174107338370737
PNC,2021-01-04,433481100,200.429993,217.600006,141.600006,200.520004,192.290405,0.3818463428908836,0.3457718389261746,4.386128617470719
PNC,2022-01-03,536712900,157.240005,228.139999,143.520004,157.940002,156.536667,-0.1859361521444609,-0.21234790120989633,3.5705887395275098
PTC,2010-01-04,299992700,22.73,23.360001,15.06,22.530001,22.530001,NA,NA,1
PTC,2011-01-03,314180800,18.290001,25.299999,14.25,18.26,18.26,-0.18952511364735392,-0.18952511364735392,0.8104748863526461
PTC,2012-01-03,302082000,22.58,28.950001,17.620001,22.51,22.51,0.23274917853231103,0.23274917853231103,0.9991122503722926
PTC,2013-01-02,174198100,34.400002,35.5,21,35.389999,35.389999,0.5721900932918702,0.5721900932918702,1.570794382121865
PTC,2014-01-02,204068900,36.990002,40.400002,32.790001,36.650002,36.650002,0.035603363537817456,0.035603363537817456,1.6267199455517112
PTC,2015-01-02,223636300,35.02,42.75,30.530001,34.630001,34.630001,-0.05511598607825452,-0.05511598607825452,1.537061671679464
PTC,2016-01-04,229946500,46.68,49.93,27.059999,46.27,46.27,0.33612470874603795,0.33612470874603795,2.0537060783974224
PTC,2017-01-03,293963100,61.330002,67.120003,45.93,60.77,60.77,0.31337799870326344,0.31337799870326344,2.697292379170334
PTC,2018-01-02,276485500,83.279999,107.440002,60.450001,82.900002,82.900002,0.36415998025341456,0.36415998025341456,3.679538318706688
PTC,2019-01-02,279486900,74.949997,102.470001,62.049999,74.889999,74.889999,-0.09662247052780526,-0.09662247052780526,3.324012235951521
PTC,2020-01-02,211596600,119.599998,121.75,43.900002,119.610001,119.610001,0.5971425103103551,0.5971425103103551,5.308921246829949
PTC,2021-01-04,206409500,122.099998,153.729996,105.489998,121.150002,121.150002,0.012875185913592713,0.012875185913592713,5.377274594883507
PTC,2022-01-03,186883200,119.959999,133.139999,96.550003,120.040001,120.040001,-0.009162203728234286,-0.009162203728234286,5.328006909542526
RF,2010-01-04,6380849300,6.9,9.33,5.12,7,5.251914,NA,NA,1
RF,2011-01-03,5203839700,4.33,8.09,2.82,4.3,3.252142,-0.3807701344690717,-0.3857142857142858,0.6192298655309283
RF,2012-01-03,5275694200,6.89,7.73,4.21,7.13,5.426008,0.6684412919239076,0.6581395348837209,1.0331486768442895
RF,2013-01-02,3961534000,9.84,10.52,7.13,9.89,7.607696,0.40207976103242005,0.3870967741935485,1.4485568499408024
RF,2014-01-02,3688554800,10.74,11.54,8.85,10.56,8.264045,0.08627434639869946,0.06774519716885741,1.5735301453908042
RF,2015-01-02,4242797600,9.58,10.87,8.54,9.6,7.691552,-0.06927515520547134,-0.09090909090909094,1.4645236003483684
RF,2016-01-04,5241005500,14.23,14.73,7,14.36,11.799896,0.5341371936379031,0.49583333333333335,2.2467801262549236
RF,2017-01-03,3704539100,17.450001,17.58,13,17.280001,14.507588,0.2294674461537627,0.20334268802228417,2.7623430238956694
RF,2018-01-02,3043229400,13.41,20.209999,12.39,13.38,11.52109,-0.20585765187155858,-0.225694489253791,2.1936935753327265
RF,2019-01-02,2783118100,17.139999,17.540001,13.11,17.16,15.363183,0.3334834638042061,0.28251121076233177,2.9252541073597174
RF,2020-01-02,2743666100,15.9,17.299999,6.94,16.120001,15.115199,-0.016141446730146947,-0.06060600233100244,2.8780362740136267
RF,2021-01-04,1979590700,21.780001,24.889999,15.72,21.799999,21.069704,0.39394155511945295,0.35235717417139134,4.011814359488751
RF,2022-01-03,2162869400,21.49,25.57,18.01,21.559999,21.559999,0.023270141811199574,-0.01100917481693453,4.105169848554261
RL,2010-01-04,296564200,112.510002,115.449997,71.120003,110.919998,90.660225,NA,NA,1
RL,2011-01-03,293193000,138.380005,164.550003,102.330002,138.080002,113.530617,0.2522648934524485,0.24486120167438163,1.2522648934524485
RL,2012-01-03,236588400,146.580002,182.479996,134.289993,149.919998,124.415092,0.09587259620019495,0.08574736260504978,1.3723227799180953
RL,2013-01-02,192123500,175.910004,192.029999,149.25,176.570007,148.314499,0.19209411507729302,0.17776153518892124,1.6359379099268725
RL,2014-01-02,235954700,186.410004,187.490005,141.929993,185.160004,157.232483,0.06012887519513499,0.048649241997254844,1.7343050163398555
RL,2015-01-02,267256100,112.419998,186.669998,103.290001,111.480003,96.231552,-0.3879664674633422,-0.3979261147564027,1.0614528256465279
RL,2016-01-04,293182700,90.75,115.849998,82.150002,90.32,79.667213,-0.17213002030768443,-0.1898098531626341,0.8787449292123419
RL,2017-01-03,380962800,102.629997,105.519997,66.059998,103.690002,93.635033,0.1753270821711812,0.14802925155004454,1.032812713623863
RL,2018-01-02,272785900,102.540001,147.789993,95.629997,103.459999,95.336006,0.01816598921901358,-0.002218179145179411,1.0515747782448142
RL,2019-01-02,276668900,116.459999,133.630005,82.690002,117.220001,110.656517,0.1607001556159171,0.1329982808138246,1.2205630087505295
RL,2020-01-02,338761300,103.160004,128.289993,59.82,103.739998,98.895027,-0.10628827220361536,-0.11499746532163901,1.0908314754347894
RL,2021-01-04,238867500,117.949997,142.059998,99.330002,118.860001,115.369537,0.16658582842593272,0.14574901958259145,1.2725485404431762
RL,2022-01-03,256799200,103.220001,135.990005,82.230003,105.669998,105.669998,-0.08407365802291455,-0.11097091442898432,1.1655607296363977
SBNY,2010-01-04,70148100,50.439999,51.709999,31.01,50.060001,46.668804,NA,NA,1
SBNY,2011-01-03,87159300,60.77,61.98,44.07,59.990002,55.926125,0.19836207930248206,0.1983619816547746,1.198362079302482
SBNY,2012-01-03,81112700,71.029999,72.800003,56.759998,71.339996,66.507233,0.18919794639803844,0.1891980933756261,1.4250897237477949
SBNY,2013-01-02,62673200,107.419998,110.400002,70.580002,107.419998,100.143089,0.5057473372858559,0.5057471828285498,2.1458250569266784
SBNY,2014-01-02,86465700,127.660004,133.089996,101.870003,125.959999,117.427139,0.1725935376329364,0.17259357051933644,2.5161805946430507
SBNY,2015-01-02,95615800,153.520004,163.149994,113.980003,153.369995,142.980331,0.21760891236565016,0.21760873465869102,3.06372391715888
SBNY,2016-01-04,141679500,149.779999,157.460007,113.529999,150.199997,140.025055,-0.020669108676213632,-0.020668958097051493,3.000399474561208
SBNY,2017-01-03,119184000,138,164.229996,116.68,137.259995,127.961647,-0.08615178190788786,-0.08615181263951688,2.7419097133922694
SBNY,2018-01-02,124630700,102.459999,161.919998,98.540001,102.809998,96.812767,-0.2434235626867166,-0.2509835221835759,2.0744642823930093
SBNY,2019-01-02,103363300,136.619995,137.940002,100.330002,136.610001,130.938828,0.3524954616781071,0.32876182917540775,2.805703527349876
SBNY,2020-01-02,139645200,134.360001,148.639999,68.980003,135.289993,132.514496,0.012033619240887194,-0.009662601495771916,2.8394662953008187
SBNY,2021-01-04,174502300,318.910004,342.029999,132.050003,323.470001,319.993011,1.4147774066921706,1.390938116169464,6.856679056956335
SBNY,2022-01-03,243709800,113.980003,374.76001,110.059998,115.220001,115.220001,-0.6399296327131345,-0.6438000412903824,2.468886946406426
SYK,2010-01-04,576443000,53.93,59.720001,42.740002,53.700001,45.790661,NA,NA,1
SYK,2011-01-03,569029500,49.669998,65.209999,43.73,49.709999,42.986698,-0.06123438576263407,-0.07430171183795686,0.9387656142373659
SYK,2012-01-03,466241500,54.34,57.150002,49.43,54.82,48.190693,0.12106058948747367,0.10279624024937117,1.0524131328875117
SYK,2013-01-02,358997600,75.25,75.550003,55.240002,75.139999,67.126839,0.39294197325612235,0.37066762130609265,1.4659504260049883
SYK,2014-01-02,369760100,95.980003,98.239998,74.019997,94.330002,85.525864,0.27409342185768626,0.25538998210526986,1.8677577945424284
SYK,2015-01-02,334551000,93.629997,105.339996,89.809998,92.940002,85.537369,1.345207106004942e-4,-0.014735502708883463,1.86800904664818
SYK,2016-01-04,377509300,120.660004,123.550003,86.68,119.809998,111.787521,0.30688519306690387,0.28911120531286394,2.44127336357953
SYK,2017-01-03,293387900,156.130005,160.619995,116.5,154.839996,146.26004,0.30837537760587796,0.29237958922259577,3.194101958912539
SYK,2018-01-02,337085800,155.300003,179.839996,144.75,156.75,149.821411,0.02434958311237989,0.012335340024162589,3.271877010030495
SYK,2019-01-02,315005800,208.5,223.449997,151.630005,209.940002,202.751511,0.35328795561803905,0.33933015629984054,4.427791749937831
SYK,2020-01-02,407458100,242.100006,245.339996,124.540001,245.039993,239.585587,0.181671030801837,0.16719058143097487,5.232193241324906
SYK,2021-01-04,296976000,269.769989,281.160004,220.899994,267.420013,264.082214,0.10224582917001612,0.09133211165248434,5.767163177661926
SYK,2022-01-03,367330000,243.940002,280.429993,188.839996,244.490005,244.490005,-0.07418980893578853,-0.08574529536052333,5.339298443409673
SYY,2010-01-04,928931200,29.32,31.99,26.99,29.4,20.690754,NA,NA,1
SYY,2011-01-03,1074337200,29.15,32.759998,25.09,29.33,21.41572,0.03503816245652547,-0.0023809523809523725,1.0350381624565255
SYY,2012-01-03,873642400,31.219999,32.400002,27.049999,31.66,23.960939,0.11884816387214614,0.0794408455506308,1.1580505476020837
SYY,2013-01-02,979390100,36.299999,43.400002,30.549999,36.099998,28.489008,0.18897710978689108,0.14023998736576115,1.376895593075052
SYY,2014-01-02,755761600,40.099998,41.16,34.07,39.689999,32.30542,0.13396085957082104,0.09944601658980701,1.5613457102626613
SYY,2015-01-02,1218103900,41.25,42.029999,35.450001,41,34.169701,0.05770799450989972,0.033005820937410446,1.6514478399385544
SYY,2016-01-04,1013821200,55.919998,57.07,38.84,55.369999,47.413296,0.3875829934830275,0.3504877804878048,2.291520937323019
SYY,2017-01-03,719394600,61.060001,62.790001,48.849998,60.73,53.324116,0.12466587431508658,0.09680334290777215,2.57719539848572
SYY,2018-01-02,705443400,62.439999,75.980003,56.009998,62.66,56.247684,0.05482637536832313,0.03178000987979579,2.7184936808006133
SYY,2019-01-02,663006600,85.589996,85.980003,60.98,85.540001,78.544342,0.3964013522761223,0.36514524417491234,3.7961082520240694
SYY,2020-01-02,1024490000,73.43,85.129997,26,74.260002,70.376366,-0.10399190816316206,-0.1318681186360987,3.4013437113021605
SYY,2021-01-04,591542900,78,86.730003,68.050003,78.550003,76.210205,0.08289485990225742,0.05777000921707498,3.6832976217299773
SYY,2022-01-03,608044900,76.349998,91.529999,70.610001,76.449997,75.961464,-0.003263880473750147,-0.02673463933540532,3.6712757785434027
TDY,2010-01-04,40597800,44.240002,45.25,35.34,43.970001,43.970001,NA,NA,1
TDY,2011-01-03,46930000,56.029999,60.91,43.560001,54.849998,54.849998,0.24744136348780144,0.24744136348780144,1.2474413634878014
TDY,2012-01-03,37940800,63.529999,67.029999,54.740002,65.07,65.07,0.18632638783323197,0.18632638783323197,1.4798726067802452
TDY,2013-01-02,32677300,91.860001,93.769997,65.800003,91.860001,91.860001,0.4117104810204397,0.4117104810204397,2.089151669566712
TDY,2014-01-02,40683500,104.610001,109.18,87.5,102.739998,102.739998,0.11844107208315835,0.11844107208315835,2.3365930330545135
TDY,2015-01-02,57919000,88.940002,111.809998,83.080002,88.699997,88.699997,-0.13665564797850205,-0.13665564797850205,2.0172843980603954
TDY,2016-01-04,38182100,124,129.360001,73.660004,123,123,0.38669677745310405,0.38669677745310405,2.797361773996775
TDY,2017-01-03,42220800,181.770004,186.539993,119.669998,181.149994,181.149994,0.47276417886178845,0.47276417886178845,4.119854216059717
TDY,2018-01-02,38410000,204.800003,250.869995,172.800003,207.070007,207.070007,0.14308591696668782,0.14308591696668782,4.709347334333696
TDY,2019-01-02,52064100,348,351.529999,198.149994,346.540009,346.540009,0.6735403355639042,0.6735403355639042,7.881282718187792
TDY,2020-01-02,66146700,390.410004,398.98999,195.339996,391.980011,391.980011,0.13112483643988138,0.13112483643988138,8.91471462554663
TDY,2021-01-04,72979700,434.019989,465.399994,350.01001,436.890015,436.890015,0.11457217903899708,0.11457217903899708,9.936092905706325
TDY,2022-01-03,66511700,395.730011,493.970001,325,399.910004,399.910004,-0.0846437541036501,-0.0846437541036501,9.095064701044695
TROW,2010-01-04,510228300,64.160004,65.379997,42.810001,64.540001,44.451958,NA,NA,1
TROW,2011-01-03,552394000,57.5,71.290001,44.68,56.950001,40.089947,-0.09812865835966089,-0.11760148562749484,0.9018713416403391
TROW,2012-01-03,352722200,63.98,66.949997,54.470001,65.120003,47.589729,0.1870738816392048,0.14345920731414896,1.0705879142601546
TROW,2013-01-02,346884700,83.419998,83.989998,66.18,83.769997,62.47139,0.31270741213928743,0.28639424356291876,1.4053686903960452
TROW,2014-01-02,350304200,87.139999,88.639999,71.779999,85.860001,65.412109,0.04707305216035684,0.0249493144902464,1.4715236840635906
TROW,2015-01-02,372892300,72.050003,87.220001,65.879997,71.489998,57.393742,-0.12258230353037536,-0.16736551167755054,1.2911409211715712
TROW,2016-01-04,409457600,75.949997,79,62.970001,75.260002,62.256454,0.0847254740769472,0.05273470562973026,1.400533447817979
TROW,2017-01-03,415232700,105.790001,106.099998,65.330002,104.93,89.265526,0.4338356951714597,0.3942332874240424,2.008134849762973
TROW,2018-01-02,370178500,92.080002,127.43,84.589996,92.32,80.562714,-0.0974935385470086,-0.12017535499857057,1.8123546773800154
TROW,2019-01-02,282414400,121.449997,126.160004,86.610001,121.839996,109.250839,0.35609680428591317,0.31975732235701915,2.457728386227666
TROW,2020-01-02,331230800,149.610001,154.330002,82.510002,151.389999,139.963684,0.28112228044308196,0.24253122102860214,3.148650594873683
TROW,2021-01-04,263668900,198.020004,224.559998,145.820007,196.639999,188.820328,0.3490665764413574,0.298896890804524,4.247739278436283
TROW,2022-01-03,447761600,109.599998,198.869995,93.529999,109.059998,109.059998,-0.4224138939108294,-0.4453824320859562,2.4534351895140363
TXN,2010-01-04,3640293500,32.5,33.93,22.280001,32.5,23.894522,NA,NA,1
TXN,2011-01-03,2843846400,29.27,36.709999,24.34,29.110001,21.773632,-0.08876051171896215,-0.1043076615384615,0.9112394882810378
TXN,2012-01-03,2222722400,30.48,34.240002,26.059999,30.889999,23.670788,0.0871308929993857,0.06114730123162815,0.990636598631268
TXN,2013-01-02,1913098900,44.040001,44.09,31.389999,43.91,34.627186,0.46286579052628074,0.4214956756715984,1.4491683909809956
TXN,2014-01-02,1548750200,54.200001,56,40.330002,53.470001,43.315971,0.25092379727304426,0.2177180824413576,1.8127992265340147
TXN,2015-01-02,1618754400,56.049999,59.990002,43.490002,54.810001,45.557255,0.051742670157388426,0.025060781278085198,1.906598298974133
TXN,2016-01-04,1387324800,74.43,75.25,46.73,72.970001,62.281921,0.3671131195239923,0.33132639424691845,2.6065355481896644
TXN,2017-01-03,1150586900,104.580002,105.330002,72.470001,104.440002,91.396164,0.4674589757756509,0.43127313373615017,3.82498398586923
TXN,2018-01-02,1508750100,94.510002,120.75,87.699997,94.5,84.843521,-0.07169494553403799,-0.09517428006177175,3.5507519673337677
TXN,2019-01-02,1238090100,127.25,132.199997,88.68,128.289993,118.410553,0.39563459418427493,0.35756606349206366,4.955552280978878
TXN,2020-01-02,1305660400,162.869995,167.240005,93.089996,164.130005,155.948212,0.3170127834805401,0.27936716778837134,6.5265257032553325
TXN,2021-01-04,1069484200,189.410004,202.259995,160.759995,188.470001,183.287415,0.17530949954078334,0.14829705269307691,7.670687658033084
TXN,2022-01-03,1478466500,163.690002,192.100006,144.460007,165.220001,165.220001,-0.09857422016672568,-0.12336180759080062,6.914555603999945
ULTA,2010-01-04,135329400,34.240002,37.240002,17.049999,34,33.623768,NA,NA,1
ULTA,2011-01-03,204556400,64.18,75.699997,33.689999,64.919998,64.201622,0.9094118779311111,0.9094117058823532,1.9094118779311111
ULTA,2012-01-03,205912200,96.669998,103.519997,63.439999,98.260002,98.260002,0.5304909586240671,0.5135552222290578,2.9223376154629666
ULTA,2013-01-02,275812300,94.260002,132.720001,72.510002,96.519997,96.519997,-0.017708171835779107,-0.017708171835779107,2.870588358806187
ULTA,2014-01-02,263981600,128.710007,134.5,80.349998,127.839996,127.839996,0.3244923329203999,0.3244923329203999,3.802072272209349
ULTA,2015-01-02,202856300,184.610001,188.479996,120.379997,185,185,0.4471214470313345,0.4471214470313345,5.502060328277307
ULTA,2016-01-04,260724500,258.160004,278.630005,146.770004,254.940002,254.940002,0.3780540648648649,0.3780540648648649,7.582136600514256
ULTA,2017-01-03,258496500,224.979996,314.859985,187.960007,223.660004,223.660004,-0.12269552739706968,-0.12269552739706968,6.6518423515175344
ULTA,2018-01-02,273785300,240.350006,322.48999,191.699997,244.839996,244.839996,0.09469727095238722,0.09469727095238722,7.2817536690117555
ULTA,2019-01-02,277942000,251.289993,368.829987,222,253.139999,253.139999,0.033899702399929676,0.033899702399929676,7.52860295134085
ULTA,2020-01-02,291973400,282.549988,304.649994,124.050003,287.160004,287.160004,0.13439205631031093,0.13439205631031093,8.540387383115423
ULTA,2021-01-04,185102300,404.75,417.850006,276,412.339996,412.339996,0.4359241894982002,0.4359241894982002,12.263348831100668
ULTA,2022-01-03,196931600,462.549988,483.799988,330.799988,469.070007,469.070007,0.13758066534976643,0.13758066534976643,13.950548522699778
UNH,2010-01-04,2516747000,36.040001,38.060001,27.129999,36.110001,30.119055,NA,NA,1
UNH,2011-01-03,1887756300,51.060001,53.5,36.369999,50.68,42.826004,0.42189069344971153,0.4034892992664276,1.4218906934497115
UNH,2012-01-03,1602798500,53.630001,60.75,49.82,54.240002,46.510132,0.08602549049404651,0.07024471191791637,1.5442095377826428
UNH,2013-01-02,1367809000,75,75.879997,51.360001,75.300003,65.599342,0.41043121528874593,0.3882743404028637,2.178001335035246
UNH,2014-01-02,1061251500,103.120003,104,69.57,101.089996,89.514328,0.3645613701430117,0.34249657334010997,2.9720164859090037
UNH,2015-01-02,1063550800,118.639999,126.209999,95,117.639999,105.869736,0.1827127384567977,0.16371553719321552,3.5150417567881864
UNH,2016-01-04,878800600,161.369995,164,107.510002,160.039993,146.53244,0.38408241614959726,0.3604215773582249,4.865107487602118
UNH,2017-01-03,773423000,223.949997,231.770004,156.089996,220.460007,204.903641,0.39835002406293096,0.3775307213366348,6.803123172357167
UNH,2018-01-02,827493800,248.059998,287.940002,208.479996,249.119995,234.663696,0.14523926883270954,0.130000848634646,7.791203807689185
UNH,2019-01-02,1096118600,293.660004,300,208.070007,293.980011,281.603638,0.2000306941385599,0.18007392782743104,9.349683713516244
UNH,2020-01-02,1019467900,345.040009,367.950012,187.720001,350.679993,341.444916,0.212501793034364,0.19287019483783885,11.336508266942637
UNH,2021-01-04,746322100,504.140015,509.230011,320.350006,502.140015,495.790558,0.45203672618162516,0.4319038012527847,16.461026350262316
UNH,2022-01-03,777695000,530,558.099976,445.73999,530.179993,530.179993,0.06936282759947199,0.05584095503721209,17.602809683105924
VRSN,2010-01-04,985387100,32.950001,37.18,21.209999,32.669998,30.188847,NA,NA,1
VRSN,2011-01-03,656954100,35.68,37.73,27,35.720001,35.720001,0.18321845812793058,0.09335791817312034,1.1832184581279306
VRSN,2012-01-03,661036200,38.009998,50.150002,32.810001,38.82,38.82,0.08678608379658215,0.08678608379658215,1.285905354384684
VRSN,2013-01-02,433973900,59.360001,59.889999,37.549999,59.779999,59.779999,0.5399278464708912,0.5399278464708912,1.9802014631429945
VRSN,2014-01-02,350593800,57.720001,62.959999,46.450001,57,57,-0.04650383149052906,-0.04650383149052906,1.8881145079836936
VRSN,2015-01-02,259723500,88.110001,93.940002,53.48,87.360001,87.360001,0.532631596491228,0.532631596491228,2.8937839527292977
VRSN,2016-01-04,243315300,76.25,91.989998,70.260002,76.07,76.07,-0.12923535795289198,-0.12923535795289198,2.5198047477599923
VRSN,2017-01-03,203019800,115.760002,118.279999,76.449997,114.440002,114.440002,0.5044038648613123,0.5044038648613123,3.7908040012260167
VRSN,2018-01-02,239936400,147.919998,176.759995,105.400002,148.289993,148.289993,0.29578810213582485,0.29578810213582485,4.912078722317551
VRSN,2019-01-02,151131400,191.660004,221.779999,142.369995,192.679993,192.679993,0.29934589045398363,0.29934589045398363,6.382489301429764
VRSN,2020-01-02,171944800,214.839996,221.300003,148.770004,216.399994,216.399994,0.12310567709019993,0.12310567709019993,7.168209968403233
VRSN,2021-01-04,141975000,254,257.029999,184.600006,253.820007,253.820007,0.17292058242848207,0.17292058242848207,8.40774101110917
VRSN,2022-01-03,175824600,203.559998,253.889999,155.25,205.440002,205.440002,-0.19060753158044008,-0.19060753158044008,6.805162250814019
WBA,2010-01-04,2105111000,39.16,40.200001,26.26,38.959999,28.031033,NA,NA,1
WBA,2011-01-03,1921635700,33.349998,47.110001,30.34,33.060001,24.289883,-0.13346457834786185,-0.15143732421553713,0.8665354216521381
WBA,2012-01-03,2063124600,36.400002,37.75,28.530001,37.009998,27.999769,0.15273379455965275,0.11947963945917617,0.9988846647214179
WBA,2013-01-02,1476350400,57.889999,60.93,37.060001,57.439999,44.502975,0.5894050768775985,0.5520130263179153,1.5876323573233995
WBA,2014-01-02,1723094400,76.489998,77.980003,55.27,76.199997,60.2286,0.35336120787430514,0.32660164217621235,2.148640044767526
WBA,2015-01-02,1134792100,85.919998,97.300003,73,85.160004,68.429298,0.1361595321823852,0.11758539833013382,2.441197868091412
WBA,2016-01-04,1153756200,83.459999,88,71.5,82.760002,67.736298,-0.010127241112425245,-0.028182267347004797,2.4164752686781115
WBA,2017-01-03,1369166500,72.629997,89.690002,63.82,72.620003,60.616291,-0.10511361279295195,-0.12252294290664711,2.162470822962536
WBA,2018-01-02,1606127900,68.540001,86.309998,59.07,68.330002,58.40353,-0.03650439450345111,-0.0590746464166354,2.083531134938909
WBA,2019-01-02,1442372900,58.82,74.940002,49.029999,58.959999,51.98381,-0.10992006818765931,-0.13712868031234637,1.854509250515313
WBA,2020-01-02,1815564300,39.330002,59.779999,33.360001,39.880001,36.714344,-0.29373503019497804,-0.3236091981616215,1.3097749198183313
WBA,2021-01-04,1477521300,51.900002,57.049999,39.939999,52.16,49.853485,0.35787486765390675,0.3079237385174589,1.778510445904723
WBA,2022-01-03,1749463800,37.240002,55,30.389999,37.360001,37.360001,-0.2506040249743825,-0.2837423121165644,1.3328085697020156
WYNN,2010-01-04,719043200,101.580002,117.5,59.700001,103.839996,73.964485,NA,NA,1
WYNN,2011-01-03,654676900,110.150002,172.580002,101.019997,110.489998,82.905258,0.12087927063914528,0.06404085377661217,1.1208792706391453
WYNN,2012-01-03,522491500,109.580002,138.279999,90.110001,112.489998,91.729721,0.1064403297556833,0.018101185955311516,1.2401860298222858
WYNN,2013-01-02,317059900,193.300003,194.529999,113.389999,194.210007,165.950272,0.8091221709918863,0.726464667552043,2.243648042705902
WYNN,2014-01-02,458435400,151.369995,249.309998,133.580002,148.759995,131.287369,-0.20887524065040397,-0.23402507781177306,1.7750055178508988
WYNN,2015-01-02,809665600,68.610001,160.410004,50.959999,69.190002,62.666252,-0.5226787429946897,-0.5348883817857079,0.8472478649719526
WYNN,2016-01-04,861952100,87.099998,109.5,49.950001,86.510002,80.152512,0.27903791022957614,0.2503251842657843,1.0836621386601963
WYNN,2017-01-03,499533900,168.460007,171.059998,86.199997,168.589996,158.774673,0.9809070113735177,0.9487919558711837,2.146633928432004
WYNN,2018-01-02,794924000,97.989998,203.630005,90.059998,98.910004,94.978729,-0.4018017659529364,-0.4133103603608841,1.2841126251335355
WYNN,2019-01-02,513498100,138.660004,151.5,95.610001,138.869995,137.714386,0.4499497671736583,0.4040035323423907,1.8618988018371252
WYNN,2020-01-02,1203870000,112.769997,153.410004,35.84,112.830002,112.830002,-0.18069560285444686,-0.187513458180797,1.5254618753851936
WYNN,2021-01-04,845027700,85.510002,143.880005,76.029999,85.040001,85.040001,-0.24629974747319416,-0.24629974747319416,1.1497410006978352
WYNN,2022-01-03,829866700,80.169998,96.5,50.200001,82.470001,82.470001,-0.030221072081125788,-0.030221072081125788,1.1149945950411202
XEL,2010-01-04,678415300,23.5,24.360001,19.809999,23.549999,15.781301,NA,NA,1
XEL,2011-01-03,661095000,27.76,27.780001,21.200001,27.639999,19.302259,0.22310948888181015,0.17367304346806978,1.2231094888818101
XEL,2012-01-03,629317100,26.25,29.92,25.84,26.709999,19.395092000000002,0.00480943707158854,-0.033646889784619716,1.22899195700025
XEL,2013-01-02,832303400,28,31.790001,26.77,27.940001,21.099358,0.08787099334202675,0.04605024507863131,1.3369847010712235
XEL,2014-01-02,690635000,36.5,37.580002,27.27,35.919998,28.165934,0.33491900559249244,0.2856119081742339,1.7847662876463732
XEL,2015-01-02,832360300,36.349998,38.349998,31.76,35.91,29.248762,0.03844459764764063,-2.783407727362519e-4,1.8533809094700113
XEL,2016-01-04,823190200,41,45.419998,35.189999,40.700001,34.261108,0.17136950958813224,0.13338905597326667,2.170993887005894
XEL,2017-01-03,661199200,48.110001,52.220001,40.040001,48.110001,41.768719,0.21912925291266117,0.18206387759056808,2.6467221555434497
XEL,2018-01-02,926138400,49.349998,54.110001,41.509998,49.27,44.224316,0.058790335418235085,0.024111390062120375,2.802323838826723
XEL,2019-01-02,807014600,63.290001,66.050003,47.700001,63.490002,58.540298,0.3237129094319966,0.28861380150192795,3.7094722418639634
XEL,2020-01-02,777724700,65.75,76.440002,46.580002,66.669998,63.088276,0.07768969676239101,0.050086563235578474,3.9976600154828814
XEL,2021-01-04,742790000,67.440002,72.940002,57.23,67.699997,65.864746,0.04400928628957934,0.01544921300282609,4.173594179592672
XEL,2022-01-03,807185500,70.900002,77.660004,56.889999,70.110001,70.110001,0.06445413150154722,0.03559828813581789,4.44259956767823
XYL,2011-10-13,89020800,25.99,28.280001,22.67,25.690001,22.118742,NA,NA,1
XYL,2012-01-03,232274300,26.360001,28.870001,22.43,27.1,23.708202,0.07186032551037491,0.054885128264494876,1.071860325510375
XYL,2013-01-02,316502700,34.650002,34.93,23.610001,34.599998,30.786577,0.2985622865875701,0.2767526937269371,1.3918773951972496
XYL,2014-01-02,255383600,38.650002,40,31.799999,38.07,34.347809,0.11567482802651297,0.1002890809415653,1.5528825735206824
XYL,2015-01-02,286808300,36.669998,38.59,29.9,36.5,33.462044,-0.025788107765476354,-0.041239821381665376,1.5128366703676006
XYL,2016-01-04,330814600,49.98,54.990002,31.67,49.52,46.043072,0.3759790645185932,0.35671232876712344,2.0816315864618344
XYL,2017-01-03,295967600,68.529999,69.879997,46.669998,68.199997,64.231033,0.3950205798605271,0.37722126413570267,2.903918902801977
XYL,2018-01-02,278519300,65.519997,82.440002,60.650002,66.720001,63.582298,-0.010100024391636264,-0.021700822068951076,2.8745892510523436
XYL,2019-01-02,212303500,78.870003,85.669998,63.779999,78.790001,76.03727,0.19588741507895802,0.18090527306796655,3.4376851088547453
XYL,2020-01-02,295988100,100.779999,101.870003,54.619999,101.790001,99.533035,0.30900326905476727,0.29191521396223874,4.499941045471755
XYL,2021-01-04,218812500,118.830002,138.779999,94.629997,119.919998,118.379974,0.18935360506187715,0.17811176757921432,5.352021104997744
XYL,2022-01-03,281703100,110.800003,121.050003,72.080002,110.57,110.57,-0.06597377694980755,-0.07796863038640156,4.99892805838596
